{"stats":{"minecraft:crafted":{"minecraft:crafting_table":1,"minecraft:wooden_pickaxe":1,"minecraft:furnace":1,"minecraft:birch_planks":256,"minecraft:air":0,"minecraft:stick":12,"minecraft:iron_ingot":5,"minecraft:iron_pickaxe":1,"minecraft:stone_pickaxe":1},"minecraft:used":{"minecraft:stone_pickaxe":115,"minecraft:wooden_pickaxe":8,"minecraft:iron_sword":24,"minecraft:iron_chestplate":5,"minecraft:cookie":2,"minecraft:torch":3,"minecraft:crafting_table":2,"minecraft:carrot":1,"minecraft:crossbow":2,"rats:raw_rat":5,"minecraft:iron_axe":94,"minecraft:iron_pickaxe":10,"minecraft:iron_helmet":1,"minecraft:iron_boots":1,"evilcraft:flesh_humanoid":1,"minecraft:cobblestone":3,"minecraft:furnace":1,"tombstone:gift":3,"alexsmobs:animal_dictionary":2,"minecraft:iron_leggings":1},"minecraft:mined":{"minecraft:crafting_table":1,"minecraft:torch":6,"minecraft:tall_grass":1,"minecraft:copper_ore":7,"minecraft:diorite":1,"minecraft:wall_torch":2,"minecraft:redstone_ore":4,"minecraft:birch_log":54,"minecraft:iron_ore":24,"vampirism:tent":1,"minecraft:grass":3,"biomesoplenty:clover":6,"minecraft:bookshelf":4,"minecraft:coal_ore":42,"minecraft:vine":1,"minecraft:stone":55},"minecraft:killed":{"minecraft:spider":2,"rats:rat":1,"minecraft:skeleton":1,"enemyexpansion:meature":2,"minecraft:zombie":2,"enemyexpansion:slugger":1},"minecraft:killed_by":{"minecraft:player":1},"minecraft:dropped":{"minecraft:iron_sword":1,"minecraft:feather":3,"evilcraft:poison_sac":1,"minecraft:iron_chestplate":2,"theoneprobe:probenote":5,"minecraft:wooden_pickaxe":1,"minecraft:paper":2},"minecraft:picked_up":{"minecraft:birch_log":54,"minecraft:crafting_table":1,"minecraft:iron_chestplate":2,"minecraft:feather":3,"vampirism:item_tent":1,"minecraft:cobblestone_wall":11,"rats:raw_rat":2,"minecraft:string":2,"minecraft:white_banner":1,"minecraft:raw_copper":15,"evilcraft:poison_sac":2,"mysticalagriculture:inferium_essence":1,"theoneprobe:probenote":5,"minecraft:spruce_trapdoor":3,"minecraft:birch_sapling":20,"minecraft:iron_sword":2,"minecraft:book":12,"minecraft:stick":11,"minecraft:raw_iron":24,"minecraft:torch":8,"tombstone:grave_dust":2,"minecraft:diorite":1,"minecraft:carrot":1,"minecraft:redstone":18,"minecraft:arrow":2,"minecraft:rotten_flesh":6,"immersiveengineering:seed":1,"minecraft:crossbow":1,"minecraft:coal":41,"minecraft:cobblestone":52},"minecraft:custom":{"minecraft:interact_with_furnace":3,"minecraft:mob_kills":9,"minecraft:interact_with_crafting_table":4,"minecraft:damage_dealt_resisted":2,"minecraft:leave_game":7,"minecraft:time_since_death":21641,"minecraft:climb_one_cm":844,"minecraft:time_since_rest":21042,"minecraft:waystone_activated":4,"minecraft:sprint_one_cm":178767,"minecraft:damage_taken":1234,"minecraft:walk_one_cm":494532,"minecraft:trigger_trapped_chest":1,"minecraft:drop":15,"minecraft:damage_dealt":1849,"minecraft:swim_one_cm":2139,"minecraft:talked_to_villager":1,"minecraft:fly_one_cm":143458,"minecraft:player_kills":4,"minecraft:open_chest":11,"minecraft:crouch_one_cm":10406,"minecraft:play_time":62869,"tombstone:undead_killed":6,"minecraft:deaths":4,"minecraft:sneak_time":2754,"minecraft:walk_under_water_one_cm":2187,"minecraft:jump":463,"minecraft:walk_on_water_one_cm":11968,"minecraft:total_world_time":62869,"minecraft:fall_one_cm":10891}},"DataVersion":3465}