{"stats":{"minecraft:custom":{"minecraft:interact_with_furnace":3,"minecraft:mob_kills":8,"minecraft:interact_with_crafting_table":4,"minecraft:damage_dealt_resisted":2,"minecraft:leave_game":5,"minecraft:time_since_death":8439,"minecraft:time_since_rest":7840,"minecraft:waystone_activated":4,"minecraft:sprint_one_cm":142344,"minecraft:damage_taken":1154,"minecraft:walk_one_cm":371271,"minecraft:drop":8,"minecraft:damage_dealt":1577,"minecraft:player_kills":4,"minecraft:fly_one_cm":124631,"minecraft:open_chest":3,"minecraft:crouch_one_cm":10253,"minecraft:play_time":49667,"tombstone:undead_killed":5,"minecraft:deaths":4,"minecraft:sneak_time":2658,"minecraft:jump":378,"minecraft:walk_on_water_one_cm":10643,"minecraft:total_world_time":49667,"minecraft:fall_one_cm":9244},"minecraft:killed":{"minecraft:spider":2,"rats:rat":1,"minecraft:skeleton":1,"enemyexpansion:meature":1,"minecraft:zombie":2,"enemyexpansion:slugger":1},"minecraft:crafted":{"minecraft:crafting_table":1,"minecraft:wooden_pickaxe":1,"minecraft:furnace":1,"minecraft:birch_planks":256,"minecraft:air":0,"minecraft:stick":12,"minecraft:iron_ingot":5,"minecraft:iron_pickaxe":1,"minecraft:stone_pickaxe":1},"minecraft:dropped":{"minecraft:iron_sword":1,"evilcraft:poison_sac":1,"theoneprobe:probenote":5,"minecraft:wooden_pickaxe":1},"minecraft:used":{"minecraft:stone_pickaxe":115,"minecraft:wooden_pickaxe":8,"minecraft:iron_sword":13,"minecraft:iron_chestplate":3,"minecraft:torch":3,"minecraft:crafting_table":2,"minecraft:carrot":1,"minecraft:iron_axe":92,"minecraft:iron_pickaxe":10,"evilcraft:flesh_humanoid":1,"minecraft:cobblestone":3,"minecraft:furnace":1,"tombstone:gift":1,"alexsmobs:animal_dictionary":2},"minecraft:killed_by":{"minecraft:player":1},"minecraft:picked_up":{"minecraft:birch_log":54,"minecraft:crafting_table":1,"rats:raw_rat":2,"minecraft:string":2,"minecraft:white_banner":1,"minecraft:raw_copper":15,"evilcraft:poison_sac":2,"mysticalagriculture:inferium_essence":1,"theoneprobe:probenote":5,"minecraft:birch_sapling":20,"minecraft:iron_sword":2,"minecraft:book":6,"minecraft:raw_iron":24,"minecraft:stick":11,"minecraft:torch":8,"tombstone:grave_dust":2,"minecraft:diorite":1,"minecraft:carrot":1,"minecraft:redstone":18,"minecraft:arrow":2,"minecraft:rotten_flesh":4,"immersiveengineering:seed":1,"minecraft:crossbow":1,"minecraft:coal":41,"minecraft:cobblestone":52},"minecraft:mined":{"minecraft:crafting_table":1,"minecraft:torch":6,"minecraft:copper_ore":7,"minecraft:diorite":1,"minecraft:wall_torch":2,"minecraft:redstone_ore":4,"minecraft:birch_log":54,"minecraft:iron_ore":24,"minecraft:grass":1,"biomesoplenty:clover":6,"minecraft:bookshelf":3,"minecraft:coal_ore":42,"minecraft:stone":55}},"DataVersion":3465}