{"stats":{"minecraft:custom":{"minecraft:time_since_rest":1,"minecraft:waystone_activated":4,"minecraft:sprint_one_cm":121428,"minecraft:damage_taken":1001,"minecraft:walk_one_cm":285213,"minecraft:mob_kills":3,"minecraft:drop":7,"minecraft:damage_dealt":834,"minecraft:interact_with_crafting_table":2,"minecraft:fly_one_cm":117071,"minecraft:player_kills":4,"minecraft:open_chest":1,"minecraft:crouch_one_cm":8179,"minecraft:play_time":41467,"tombstone:undead_killed":2,"minecraft:deaths":4,"minecraft:sneak_time":2298,"minecraft:jump":309,"minecraft:leave_game":5,"minecraft:time_since_death":239,"minecraft:walk_on_water_one_cm":4830,"minecraft:total_world_time":41467,"minecraft:fall_one_cm":8095},"minecraft:dropped":{"theoneprobe:probenote":5,"minecraft:wooden_pickaxe":1,"evilcraft:poison_sac":1},"minecraft:crafted":{"minecraft:crafting_table":1,"minecraft:stick":12,"minecraft:wooden_pickaxe":1,"minecraft:stone_pickaxe":1,"minecraft:birch_planks":256},"minecraft:killed":{"minecraft:skeleton":1,"enemyexpansion:meature":1,"minecraft:spider":1},"minecraft:used":{"minecraft:iron_axe":74,"minecraft:stone_pickaxe":60,"minecraft:wooden_pickaxe":8,"evilcraft:flesh_humanoid":1,"minecraft:iron_chestplate":3,"minecraft:crafting_table":1,"tombstone:gift":1,"alexsmobs:animal_dictionary":2},"minecraft:killed_by":{"minecraft:player":1},"minecraft:picked_up":{"minecraft:birch_log":54,"minecraft:raw_iron":6,"minecraft:crafting_table":1,"minecraft:stick":11,"minecraft:torch":6,"tombstone:grave_dust":1,"minecraft:white_banner":1,"evilcraft:poison_sac":2,"minecraft:arrow":2,"minecraft:rotten_flesh":2,"immersiveengineering:seed":1,"theoneprobe:probenote":5,"minecraft:crossbow":1,"minecraft:birch_sapling":20,"minecraft:coal":31,"minecraft:cobblestone":30},"minecraft:mined":{"minecraft:iron_ore":6,"minecraft:birch_log":54,"minecraft:crafting_table":1,"minecraft:torch":5,"minecraft:grass":1,"minecraft:coal_ore":31,"minecraft:stone":31,"minecraft:wall_torch":1}},"DataVersion":3465}