{"stats":{"minecraft:custom":{"minecraft:time_since_rest":6470,"minecraft:waystone_activated":1,"minecraft:crouch_one_cm":5461,"minecraft:sprint_one_cm":82948,"minecraft:play_time":25982,"minecraft:deaths":2,"minecraft:damage_taken":618,"minecraft:walk_one_cm":93773,"minecraft:sneak_time":1763,"minecraft:drop":5,"minecraft:jump":166,"minecraft:damage_dealt":348,"minecraft:leave_game":4,"minecraft:walk_on_water_one_cm":4562,"minecraft:time_since_death":9686,"minecraft:total_world_time":25982,"minecraft:fall_one_cm":3745,"minecraft:fly_one_cm":76196,"minecraft:player_kills":2},"minecraft:dropped":{"theoneprobe:probenote":5},"minecraft:used":{"tombstone:gift":1,"alexsmobs:animal_dictionary":2},"minecraft:killed_by":{"minecraft:player":1},"minecraft:picked_up":{"evilcraft:poison_sac":1,"minecraft:crossbow":1,"theoneprobe:probenote":5,"minecraft:white_banner":1}},"DataVersion":3465}