{"stats":{"minecraft:custom":{"minecraft:jump":87,"minecraft:crouch_one_cm":1075,"minecraft:time_since_rest":5648,"minecraft:waystone_activated":1,"minecraft:damage_dealt":10,"minecraft:damage_taken":333,"minecraft:leave_game":3,"minecraft:play_time":15578,"minecraft:sprint_one_cm":34129,"minecraft:walk_one_cm":38565,"minecraft:time_since_death":8047,"minecraft:deaths":1,"minecraft:sneak_time":630,"minecraft:total_world_time":15578,"minecraft:fall_one_cm":1565,"minecraft:fly_one_cm":35445},"minecraft:used":{"alexsmobs:animal_dictionary":2},"minecraft:killed_by":{"minecraft:player":1}},"DataVersion":3465}