{"stats":{"minecraft:custom":{"minecraft:interact_with_smithing_table":1,"minecraft:mob_kills":23,"minecraft:interact_with_crafting_table":22,"minecraft:damage_dealt_resisted":0,"minecraft:leave_game":2,"minecraft:time_since_death":2304,"minecraft:climb_one_cm":4217,"minecraft:damage_resisted":0,"minecraft:sprint_one_cm":359847,"minecraft:walk_one_cm":1029253,"minecraft:drop":36,"minecraft:talked_to_villager":1,"minecraft:play_time":213805,"minecraft:deaths":4,"minecraft:sneak_time":2081,"minecraft:walk_under_water_one_cm":14739,"minecraft:jump":1033,"minecraft:walk_on_water_one_cm":16579,"minecraft:total_world_time":213805,"minecraft:interact_with_furnace":3,"tombstone:raider_killed":1,"minecraft:sleep_in_bed":5,"minecraft:time_since_rest":2103,"minecraft:waystone_activated":6,"minecraft:damage_taken":1383,"minecraft:damage_dealt":4500,"minecraft:player_kills":1,"minecraft:swim_one_cm":27361,"minecraft:fly_one_cm":1101755,"minecraft:open_chest":51,"minecraft:crouch_one_cm":4028,"tombstone:undead_killed":9,"tombstone:villager_killed":1,"minecraft:fall_one_cm":15078},"minecraft:killed":{"minecraft:witch":1,"vampirism:advanced_vampire":1,"minecraft:spider":1,"minecraft:skeleton":1,"minecraft:chicken":2,"minecraft:drowned":1,"enemyexpansion:goblin":2,"enemyexpansion:sprinter":2,"minecraft:sheep":3,"evilcraft:poisonous_libelle":1,"minecraft:zombie":4,"iceandfire:ghost":1,"minecraft:villager":1,"enemyexpansion:wasp":1},"minecraft:dropped":{"rats:cheese":5,"minecraft:iron_sword":1,"minecraft:birch_planks":1,"minecraft:cherry_log":2,"ae2:sky_stone_block":4,"minecraft:apple":6,"iceandfire:ectoplasm":1,"minecraft:saddle":1,"minecraft:stick":17,"minecraft:milk_bucket":1,"theoneprobe:probenote":1,"minecraft:birch_log":23,"rats:raw_rat":1,"minecraft:armor_stand":4,"minecraft:polished_deepslate":2,"minecraft:birch_sapling":7,"minecraft:cherry_sapling":3,"minecraft:rotten_flesh":2,"minecraft:iron_chestplate":4,"minecraft:charcoal":2,"minecraft:oak_sapling":22,"immersiveengineering:ingot_aluminum":3,"minecraft:stone_pickaxe":1,"minecraft:wooden_pickaxe":1},"minecraft:crafted":{"minecraft:cherry_planks":252,"minecraft:oak_planks":8,"minecraft:coal":45,"minecraft:pink_bed":1,"minecraft:pink_dye":3,"minecraft:iron_axe":1,"minecraft:iron_hoe":1,"minecraft:stone_pickaxe":1,"minecraft:chest":8,"minecraft:cherry_fence":48,"minecraft:wheat":27,"iceandfire:silver_ingot":1,"minecraft:crafting_table":4,"minecraft:wooden_pickaxe":1,"minecraft:birch_planks":80,"minecraft:bread":21,"minecraft:air":0,"minecraft:pink_wool":3,"minecraft:charcoal":6,"minecraft:stick":48,"minecraft:iron_ingot":9,"minecraft:iron_pickaxe":1,"minecraft:gold_ingot":2,"minecraft:torch":144},"minecraft:used":{"minecraft:cherry_sapling":5,"twilightforest:spiral_bricks":239,"minecraft:iron_shovel":60,"minecraft:polished_deepslate":36,"minecraft:orange_concrete":17,"minecraft:chiseled_deepslate":5,"minecraft:red_concrete":50,"minecraft:armor_stand":13,"securitycraft:keypad_chest":15,"minecraft:chest":4,"minecraft:iron_sword":95,"minecraft:iron_chestplate":3,"minecraft:torch":80,"minecraft:dirt":7,"minecraft:spruce_fence":35,"minecraft:blue_concrete":69,"minecraft:iron_axe":551,"minecraft:lantern":19,"minecraft:grass_block":107,"minecraft:cherry_slab":93,"minecraft:quartz_block":257,"biomesoplenty:jacaranda_log":43,"minecraft:lime_concrete":178,"minecraft:deepslate_tile_stairs":16,"tombstone:gift":4,"minecraft:cherry_fence":25,"minecraft:lead":1,"minecraft:stone_pickaxe":1,"minecraft:wooden_pickaxe":21,"minecraft:cherry_planks":93,"minecraft:deepslate_bricks":462,"minecraft:cookie":34,"minecraft:pink_concrete":22,"minecraft:crafting_table":5,"minecraft:yellow_concrete":95,"minecraft:white_bed":1,"minecraft:ochre_froglight":422,"minecraft:gray_concrete":19,"minecraft:deepslate_brick_stairs":16,"securitycraft:reinforced_yellow_concrete":3,"minecraft:black_concrete":412,"minecraft:bread":3,"minecraft:light_gray_concrete":6,"waystones:mossy_waystone":6,"minecraft:iron_pickaxe":33,"minecraft:verdant_froglight":49,"minecraft:magenta_concrete":38,"rats:cheese":3,"minecraft:soul_lantern":1,"minecraft:pink_bed":1,"minecraft:cobblestone":8,"minecraft:cherry_stairs":6,"minecraft:white_concrete":8,"securitycraft:reinforced_lime_concrete":32,"minecraft:experience_bottle":1},"minecraft:killed_by":{"minecraft:player":1,"alexsmobs:tiger":1,"iceandfire:fire_dragon":1},"minecraft:picked_up":{"minecraft:iron_chestplate":4,"minecraft:chicken":2,"biomesoplenty:jacaranda_sapling":21,"ae2:silicon_press":1,"minecraft:polished_deepslate":1,"minecraft:string":2,"evilcraft:poison_sac":1,"minecraft:iron_leggings":2,"minecraft:armor_stand":4,"minecraft:experience_bottle":1,"cyclic:flower_lime_carnation":1,"mysticalagriculture:inferium_essence":4,"minecraft:gold_nugget":18,"minecraft:rose_bush":3,"minecraft:iron_pickaxe":1,"minecraft:sugar_cane":2,"minecraft:coal_block":5,"minecraft:birch_sapling":45,"minecraft:iron_boots":1,"minecraft:stick":79,"minecraft:raw_iron":4,"apotheosis:gem":1,"minecraft:torch":3,"minecraft:cherry_log":65,"tombstone:grave_dust":2,"ae2:sky_stone_block":4,"minecraft:rotten_flesh":1,"biomesoplenty:jacaranda_log":43,"minecraft:hay_block":3,"minecraft:iron_block":1,"minecraft:saddle":1,"ae2:calculation_processor_press":1,"minecraft:mutton":6,"minecraft:cobblestone":25,"minecraft:white_wool":3,"minecraft:birch_log":203,"minecraft:pink_petals":422,"vampirism:vampire_blood_bottle":1,"minecraft:feather":6,"minecraft:cherry_planks":21,"minecraft:potato":1,"rats:cheese":3,"minecraft:oak_log":44,"minecraft:cherry_fence":1,"iceandfire:ectoplasm":1,"rats:raw_rat":1,"minecraft:dirt":13,"minecraft:lantern":3,"minecraft:bone":1,"minecraft:apple":1,"minecraft:wheat_seeds":8,"theoneprobe:probenote":1,"minecraft:iron_ingot":1,"ae2:logic_processor_press":1,"minecraft:iron_sword":1,"iceandfire:copper_nugget":14,"immersiveengineering:seed":4,"ae2:chipped_budding_quartz":5,"minecraft:iron_helmet":1,"minecraft:cherry_sapling":27,"minecraft:emerald":1,"ae2:engineering_processor_press":1,"minecraft:oak_sapling":27,"iceandfire:silver_nugget":11},"minecraft:mined":{"ae2:chipped_budding_quartz":1,"iceandfire:copper_pile":2,"minecraft:cherry_log":67,"minecraft:grass_block":12,"minecraft:coal_block":5,"minecraft:hay_block":4,"biomesoplenty:jacaranda_log":43,"minecraft:iron_ore":4,"minecraft:fire":3,"ae2:mysterious_cube":1,"iceandfire:gold_pile":3,"ae2:sky_stone_block":4,"minecraft:stone":24,"minecraft:iron_block":1,"cyclic:flower_lime_carnation":1,"minecraft:cherry_planks":5,"minecraft:torch":2,"minecraft:emerald_ore":1,"minecraft:tall_grass":23,"minecraft:cobblestone":1,"minecraft:sugar_cane":1,"minecraft:pink_petals":189,"minecraft:cherry_fence":1,"ae2:flawless_budding_quartz":1,"minecraft:birch_log":281,"minecraft:birch_leaves":1,"minecraft:stone_brick_stairs":1,"ae2:flawed_budding_quartz":5,"minecraft:grass":68,"ae2:quartz_block":2,"minecraft:oak_log":53,"iceandfire:silver_pile":3,"minecraft:dirt":7,"minecraft:oak_leaves":1},"minecraft:broken":{"minecraft:iron_axe":2}},"DataVersion":3465}