{"stats":{"minecraft:custom":{"minecraft:mob_kills":11,"minecraft:interact_with_crafting_table":6,"minecraft:damage_dealt_resisted":0,"minecraft:leave_game":2,"minecraft:time_since_death":13606,"minecraft:sleep_in_bed":1,"minecraft:climb_one_cm":2124,"minecraft:time_since_rest":12550,"minecraft:waystone_activated":6,"minecraft:sprint_one_cm":133372,"minecraft:damage_taken":503,"minecraft:walk_one_cm":612904,"minecraft:drop":7,"minecraft:damage_dealt":1892,"minecraft:swim_one_cm":4416,"minecraft:fly_one_cm":957835,"minecraft:player_kills":1,"minecraft:open_chest":21,"minecraft:crouch_one_cm":1022,"minecraft:play_time":159805,"tombstone:undead_killed":3,"minecraft:deaths":2,"minecraft:sneak_time":1696,"minecraft:walk_under_water_one_cm":2332,"minecraft:jump":334,"minecraft:walk_on_water_one_cm":1013,"minecraft:total_world_time":159805,"minecraft:fall_one_cm":2578},"minecraft:killed":{"vampirism:advanced_vampire":1,"enemyexpansion:sprinter":2,"minecraft:sheep":3,"minecraft:zombie":1,"evilcraft:poisonous_libelle":1,"minecraft:chicken":2,"enemyexpansion:goblin":1},"minecraft:crafted":{"minecraft:oak_planks":4,"iceandfire:silver_ingot":1,"minecraft:crafting_table":2,"minecraft:wooden_pickaxe":1,"minecraft:birch_planks":12,"minecraft:stick":8,"minecraft:stone_pickaxe":1,"minecraft:gold_ingot":2,"minecraft:wheat":27},"minecraft:dropped":{"minecraft:iron_sword":1,"minecraft:birch_planks":1,"minecraft:birch_sapling":7,"minecraft:rotten_flesh":2,"minecraft:milk_bucket":1,"minecraft:oak_sapling":11},"minecraft:used":{"twilightforest:spiral_bricks":239,"minecraft:iron_shovel":60,"minecraft:polished_deepslate":36,"minecraft:orange_concrete":17,"minecraft:chiseled_deepslate":5,"minecraft:armor_stand":13,"minecraft:red_concrete":50,"securitycraft:keypad_chest":15,"minecraft:wooden_pickaxe":19,"minecraft:iron_sword":12,"minecraft:deepslate_bricks":462,"minecraft:iron_chestplate":1,"minecraft:cookie":7,"minecraft:torch":49,"minecraft:pink_concrete":22,"minecraft:dirt":7,"minecraft:crafting_table":3,"minecraft:yellow_concrete":95,"minecraft:white_bed":1,"minecraft:ochre_froglight":422,"minecraft:gray_concrete":19,"minecraft:spruce_fence":35,"minecraft:blue_concrete":69,"minecraft:deepslate_brick_stairs":16,"securitycraft:reinforced_yellow_concrete":3,"minecraft:black_concrete":412,"minecraft:light_gray_concrete":6,"minecraft:grass_block":107,"minecraft:lantern":19,"minecraft:iron_axe":393,"minecraft:cherry_slab":93,"minecraft:verdant_froglight":49,"waystones:mossy_waystone":6,"minecraft:quartz_block":257,"minecraft:magenta_concrete":38,"minecraft:soul_lantern":1,"minecraft:lime_concrete":178,"minecraft:cherry_stairs":6,"minecraft:deepslate_tile_stairs":16,"tombstone:gift":4,"minecraft:white_concrete":8,"securitycraft:reinforced_lime_concrete":32},"minecraft:killed_by":{"minecraft:player":1},"minecraft:picked_up":{"minecraft:birch_log":203,"minecraft:feather":6,"vampirism:vampire_blood_bottle":1,"minecraft:chicken":2,"minecraft:oak_log":33,"rats:raw_rat":1,"minecraft:dirt":12,"minecraft:string":2,"minecraft:lantern":3,"evilcraft:poison_sac":1,"minecraft:apple":1,"minecraft:gold_nugget":18,"mysticalagriculture:inferium_essence":3,"theoneprobe:probenote":1,"minecraft:rose_bush":3,"minecraft:sugar_cane":2,"minecraft:birch_sapling":45,"minecraft:stick":32,"iceandfire:copper_nugget":14,"apotheosis:gem":1,"minecraft:torch":1,"minecraft:hay_block":3,"minecraft:oak_sapling":22,"minecraft:mutton":6,"iceandfire:silver_nugget":11,"minecraft:white_wool":3,"minecraft:cobblestone":17},"minecraft:mined":{"iceandfire:copper_pile":2,"minecraft:grass_block":5,"minecraft:sugar_cane":1,"minecraft:hay_block":4,"minecraft:birch_log":281,"minecraft:birch_leaves":1,"minecraft:grass":1,"iceandfire:silver_pile":3,"minecraft:oak_log":41,"iceandfire:gold_pile":3,"minecraft:dirt":7,"minecraft:stone":17},"minecraft:broken":{"minecraft:iron_axe":1}},"DataVersion":3465}