{"stats":{"minecraft:custom":{"minecraft:walk_one_cm":59990,"minecraft:leave_game":1,"minecraft:play_time":16895,"minecraft:sprint_one_cm":5620,"minecraft:damage_taken":240,"minecraft:time_since_death":12963,"minecraft:deaths":1,"minecraft:sneak_time":6,"minecraft:total_world_time":16895,"minecraft:fly_one_cm":16529,"minecraft:time_since_rest":12851,"minecraft:jump":22},"minecraft:used":{"tombstone:gift":2,"minecraft:dirt":7,"minecraft:iron_axe":285},"minecraft:picked_up":{"minecraft:birch_log":171,"minecraft:stick":21,"minecraft:birch_sapling":35,"minecraft:dirt":1},"minecraft:mined":{"minecraft:birch_log":249,"minecraft:grass_block":1,"minecraft:birch_leaves":1},"minecraft:broken":{"minecraft:iron_axe":1}},"DataVersion":3465}