{"stats":{"minecraft:custom":{"minecraft:time_since_rest":72851,"minecraft:sprint_one_cm":14429,"minecraft:damage_taken":240,"minecraft:walk_one_cm":329454,"minecraft:mob_kills":3,"minecraft:drop":4,"minecraft:damage_dealt":976,"minecraft:interact_with_crafting_table":1,"minecraft:fly_one_cm":332644,"minecraft:player_kills":1,"minecraft:open_chest":3,"minecraft:play_time":76895,"tombstone:undead_killed":2,"minecraft:deaths":1,"minecraft:sneak_time":282,"minecraft:jump":102,"minecraft:damage_dealt_resisted":0,"minecraft:leave_game":1,"minecraft:time_since_death":72963,"minecraft:total_world_time":76895},"minecraft:killed":{"minecraft:zombie":1,"vampirism:advanced_vampire":1,"enemyexpansion:sprinter":1},"minecraft:dropped":{"minecraft:iron_sword":1,"minecraft:milk_bucket":1,"minecraft:rotten_flesh":2},"minecraft:used":{"twilightforest:spiral_bricks":239,"minecraft:armor_stand":13,"minecraft:orange_concrete":17,"securitycraft:keypad_chest":14,"minecraft:red_concrete":14,"minecraft:lantern":7,"minecraft:iron_axe":285,"minecraft:quartz_block":257,"minecraft:magenta_concrete":38,"minecraft:iron_sword":12,"minecraft:deepslate_bricks":462,"minecraft:soul_lantern":1,"minecraft:pink_concrete":22,"minecraft:torch":49,"minecraft:dirt":7,"minecraft:lime_concrete":11,"minecraft:crafting_table":1,"tombstone:gift":2,"minecraft:ochre_froglight":57,"minecraft:blue_concrete":27},"minecraft:picked_up":{"minecraft:birch_log":171,"minecraft:stick":22,"vampirism:vampire_blood_bottle":1,"minecraft:torch":1,"minecraft:dirt":1,"minecraft:lantern":2,"minecraft:rose_bush":3,"minecraft:birch_sapling":38},"minecraft:mined":{"minecraft:birch_log":249,"minecraft:birch_leaves":1,"minecraft:grass_block":1},"minecraft:broken":{"minecraft:iron_axe":1}},"DataVersion":3465}