{"stats":{"minecraft:crafted":{"minecraft:oak_planks":8,"minecraft:cherry_slab":354,"minecraft:pink_bed":1,"minecraft:chest":8,"minecraft:cherry_fence":48,"minecraft:crafting_table":4,"minecraft:wooden_pickaxe":1,"minecraft:birch_planks":80,"minecraft:pink_wool":3,"minecraft:charcoal":6,"minecraft:stick":84,"minecraft:iron_ingot":9,"minecraft:iron_pickaxe":1,"minecraft:gold_ingot":2,"minecraft:cherry_planks":832,"minecraft:coal":45,"onlyexcavators:stone_excavator":4,"minecraft:pink_dye":3,"minecraft:iron_axe":2,"minecraft:iron_hoe":1,"minecraft:stone_pickaxe":1,"minecraft:wheat":81,"iceandfire:silver_ingot":1,"minecraft:stone_axe":1,"minecraft:bread":39,"minecraft:air":0,"minecraft:iron_shovel":2,"minecraft:torch":144},"minecraft:used":{"minecraft:cherry_sapling":29,"twilightforest:spiral_bricks":239,"minecraft:iron_shovel":408,"minecraft:polished_deepslate":259,"minecraft:chiseled_deepslate":5,"minecraft:chest":72,"minecraft:iron_sword":169,"minecraft:iron_chestplate":3,"cookingforblockheads:spice_rack":20,"minecraft:nether_bricks":2,"minecraft:deepslate_brick_slab":10,"cookingforblockheads:oven":2,"minecraft:milk_bucket":2,"onlyexcavators:iron_excavator":23,"minecraft:glass":470,"cookingforblockheads:fridge":20,"minecraft:villager_spawn_egg":15,"minecraft:lantern":39,"minecraft:grass_block":847,"minecraft:quartz_block":257,"biomesoplenty:jacaranda_sapling":33,"minecraft:furnace":19,"handcrafted:dark_oak_table":43,"handcrafted:dark_oak_nightstand":3,"minecraft:cow_spawn_egg":18,"minecraft:acacia_trapdoor":6,"minecraft:stone_pickaxe":1,"minecraft:wooden_pickaxe":21,"minecraft:cookie":41,"cookingforblockheads:tool_rack":10,"minecraft:blast_furnace":5,"minecraft:yellow_concrete":95,"minecraft:crossbow":8,"minecraft:ochre_froglight":422,"minecraft:gray_concrete":19,"biomesoplenty:jacaranda_planks":22,"minecraft:deepslate_brick_stairs":91,"minecraft:lightning_rod":2,"minecraft:redstone_torch":4,"waystones:waystone":1,"minecraft:black_concrete":412,"minecraft:light_gray_concrete":6,"minecraft:bread":23,"minecraft:verdant_froglight":49,"onlyexcavators:stone_excavator":2624,"rats:cheese":3,"minecraft:soul_lantern":1,"iceandfire:pixie_house_birch":5,"minecraft:grindstone":1,"minecraft:smithing_table":1,"minecraft:white_concrete":8,"minecraft:bone_meal":345,"minecraft:experience_bottle":1,"securitycraft:reinforced_lime_concrete":32,"cookingforblockheads:sink":2,"cookingforblockheads:toaster":2,"storagedrawers:oak_full_drawers_1":31,"biomesoplenty:stripped_jacaranda_wood":496,"cookingforblockheads:cow_jar":1,"storagedrawers:oak_full_drawers_2":1,"minecraft:orange_concrete":17,"minecraft:red_concrete":50,"minecraft:armor_stand":29,"securitycraft:keypad_chest":17,"minecraft:redstone":8,"cookingforblockheads:corner":4,"travelersbackpack:bat":3,"minecraft:netherrack":17,"handcrafted:oak_chair":12,"minecraft:torch":242,"minecraft:dirt":1513,"minecraft:anvil":1,"cookingforblockheads:counter":20,"handcrafted:spruce_dining_bench":2,"handcrafted:cherry_side_table":2,"minecraft:spruce_fence":35,"minecraft:blue_concrete":69,"cookingforblockheads:hanging_corner":6,"biomesoplenty:jacaranda_wood":68,"minecraft:iron_axe":826,"minecraft:cherry_slab":378,"minecraft:cherry_fence_gate":8,"biomesoplenty:jacaranda_log":993,"biomesoplenty:jacaranda_stairs":63,"minecraft:lime_concrete":178,"minecraft:deepslate_tile_stairs":20,"tombstone:gift":6,"handcrafted:gray_cushion":4,"minecraft:cherry_fence":336,"minecraft:cherry_log":599,"vampirism:cross":1,"cookingforblockheads:cooking_table":3,"biomesoplenty:jacaranda_door":8,"minecraft:water_bucket":531,"handcrafted:dark_oak_side_table":2,"mcwdoors:birch_japanese2_door":2,"minecraft:lead":1,"minecraft:cherry_planks":1412,"minecraft:stonecutter":1,"minecraft:deepslate_bricks":463,"minecraft:pink_concrete":22,"minecraft:crafting_table":7,"minecraft:white_bed":1,"minecraft:painting":58,"securitycraft:reinforced_yellow_concrete":3,"cookingforblockheads:cabinet":15,"handcrafted:dark_oak_fancy_bed":6,"waystones:mossy_waystone":7,"minecraft:iron_pickaxe":274,"minecraft:magenta_concrete":38,"minecraft:stone_axe":102,"cookingforblockheads:fruit_basket":2,"onlyhammers:iron_hammer":275,"minecraft:pink_petals":89,"minecraft:pink_bed":1,"handcrafted:jungle_couch":39,"minecraft:cobblestone":38,"minecraft:cherry_stairs":6,"storagedrawers:oak_full_drawers_4":23,"minecraft:white_banner":4,"handcrafted:dark_oak_chair":2},"minecraft:mined":{"iceandfire:copper_pile":2,"minecraft:cherry_log":190,"minecraft:grass_block":1024,"minecraft:coal_block":8,"minecraft:nether_wart":10,"minecraft:magma_block":35,"minecraft:iron_ore":5,"minecraft:fire":6,"minecraft:nether_brick_stairs":1,"iceandfire:gold_pile":3,"minecraft:iron_block":1,"biomesoplenty:jacaranda_leaves":3,"cyclic:flower_lime_carnation":3,"minecraft:blackstone":2,"minecraft:powder_snow":23,"biomesoplenty:stripped_jacaranda_wood":3,"minecraft:torch":10,"minecraft:glass":1,"minecraft:nether_quartz_ore":23,"minecraft:cobblestone":2,"minecraft:sugar_cane":1,"minecraft:cherry_slab":6,"minecraft:pink_petals":364,"minecraft:cherry_fence":4,"mysticalagriculture:soulium_ore":1,"minecraft:birch_log":281,"terraqueous:doodad_burnium":3,"minecraft:stone_brick_stairs":1,"ae2:flawed_budding_quartz":5,"minecraft:grass":139,"ae2:quartz_block":2,"minecraft:oak_log":63,"minecraft:dirt":1430,"minecraft:netherrack":178,"minecraft:oak_leaves":1,"ae2:chipped_budding_quartz":1,"minecraft:nether_gold_ore":2,"mysticalagriculture:soulstone":20,"minecraft:nether_bricks":28,"minecraft:hay_block":10,"travelersbackpack:bat":1,"biomesoplenty:jacaranda_log":198,"ae2:mysterious_cube":1,"ae2:sky_stone_block":4,"minecraft:stone":160,"minecraft:cherry_planks":13,"minecraft:soul_sand":10,"minecraft:basalt":1,"minecraft:emerald_ore":1,"minecraft:tall_grass":26,"terraqueous:burnium_ore":1,"ae2:flawless_budding_quartz":1,"minecraft:birch_leaves":1,"minecraft:bee_nest":1,"minecraft:coal_ore":25,"iceandfire:silver_pile":3,"minecraft:cherry_leaves":4,"minecraft:gravel":3},"minecraft:killed":{"minecraft:witch":1,"vampirism:advanced_vampire":1,"minecraft:spider":4,"minecraft:skeleton":1,"minecraft:chicken":2,"alexsmobs:stradpole":2,"minecraft:creeper":1,"vampirism:hunter":3,"minecraft:sheep":3,"minecraft:pillager":2,"enemyexpansion:meature":2,"minecraft:zombie":6,"enemyexpansion:botfly":2,"alexsmobs:fly":1,"enemyexpansion:wasp":1,"minecraft:cow":4,"minecraft:drowned":1,"enemyexpansion:goblin":2,"enemyexpansion:sprinter":2,"evilcraft:poisonous_libelle":1,"iceandfire:ghost":1,"minecraft:wither_skeleton":2,"minecraft:villager":1},"minecraft:broken":{"onlyexcavators:stone_excavator":2,"minecraft:iron_axe":3},"minecraft:killed_by":{"iceandfire:fire_dragon":1,"minecraft:player":2,"alexsmobs:tiger":1},"minecraft:dropped":{"minecraft:nether_brick_stairs":2,"rats:cheese":5,"minecraft:iron_sword":1,"minecraft:soul_sand":10,"minecraft:birch_planks":1,"minecraft:leather":4,"iceandfire:ectoplasm":1,"minecraft:saddle":1,"theoneprobe:probenote":2,"mysticalagriculture:soulstone_cobble":1,"minecraft:birch_log":23,"minecraft:armor_stand":4,"minecraft:birch_sapling":7,"minecraft:cherry_sapling":3,"minecraft:rotten_flesh":2,"cyclic:flower_lime_carnation":1,"minecraft:charcoal":2,"immersiveengineering:ingot_aluminum":3,"minecraft:netherrack":3,"minecraft:cherry_log":2,"ae2:sky_stone_block":4,"minecraft:cobblestone":1,"minecraft:apple":6,"minecraft:grass_block":1,"minecraft:stick":17,"minecraft:milk_bucket":1,"tombstone:grave_dust":4,"minecraft:pink_petals":128,"rats:raw_rat":1,"minecraft:polished_deepslate":2,"cookingforblockheads:milk_jar":1,"minecraft:iron_chestplate":4,"minecraft:oak_sapling":22,"minecraft:stone_pickaxe":1,"minecraft:wooden_pickaxe":1},"minecraft:picked_up":{"minecraft:iron_chestplate":4,"travelersbackpack:bat":2,"minecraft:polished_deepslate":2,"minecraft:string":4,"minecraft:iron_leggings":2,"minecraft:armor_stand":4,"minecraft:experience_bottle":1,"mysticalagriculture:inferium_essence":10,"minecraft:gold_nugget":23,"minecraft:rose_bush":3,"handcrafted:cyan_sheet":1,"minecraft:iron_pickaxe":1,"minecraft:coal_block":8,"minecraft:iron_boots":1,"minecraft:stick":119,"apotheosis:gem":1,"minecraft:torch":27,"minecraft:cherry_log":177,"tombstone:grave_dust":6,"pamhc2foodcore:cuttingboarditem":2,"ae2:sky_stone_block":4,"minecraft:rotten_flesh":4,"minecraft:iron_block":1,"minecraft:deepslate_brick_stairs":65,"minecraft:cobblestone":161,"minecraft:birch_log":203,"minecraft:pink_petals":2492,"minecraft:magma_block":34,"minecraft:feather":6,"minecraft:cherry_planks":33,"minecraft:potato":1,"minecraft:cherry_fence":4,"rats:raw_rat":1,"minecraft:lantern":3,"minecraft:dirt":2335,"cyclic:flower_cyan":28,"minecraft:bone":2,"minecraft:wheat_seeds":60,"theoneprobe:probenote":2,"ae2:logic_processor_press":1,"minecraft:nether_brick_stairs":2,"minecraft:grass_block":1,"minecraft:bundle":1,"minecraft:deepslate":256,"ae2:chipped_budding_quartz":5,"minecraft:bread":5,"minecraft:emerald":1,"alexsmobs:maggot":1,"iceandfire:silver_nugget":11,"minecraft:oak_sapling":30,"minecraft:cherry_slab":6,"minecraft:netherrack":90,"mysticalagriculture:soulstone_cobble":1,"minecraft:chicken":2,"minecraft:nether_wart":10,"biomesoplenty:jacaranda_sapling":64,"ae2:silicon_press":1,"evilcraft:poison_sac":1,"minecraft:blackstone":2,"cyclic:flower_lime_carnation":29,"minecraft:beef":7,"biomesoplenty:stripped_jacaranda_wood":3,"minecraft:sugar_cane":2,"minecraft:birch_sapling":45,"minecraft:raw_iron":69,"cookingforblockheads:milk_jar":1,"minecraft:redstone":1,"biomesoplenty:jacaranda_log":189,"terraqueous:emerald_dust":1,"minecraft:nether_bricks":24,"minecraft:deepslate_bricks":128,"minecraft:hay_block":9,"ae2:calculation_processor_press":1,"minecraft:saddle":1,"minecraft:mutton":6,"minecraft:white_wool":3,"vampirism:vampire_blood_bottle":1,"minecraft:leather":8,"rats:cheese":3,"terraqueous:burnium_gem":3,"minecraft:oak_log":53,"iceandfire:ectoplasm":1,"tombstone:gift":1,"minecraft:white_banner":1,"vampirism:human_heart":1,"minecraft:apple":1,"minecraft:iron_ingot":1,"terraqueous:glass_shard":3,"storagedrawers:oak_full_drawers_1":64,"minecraft:soul_sand":20,"minecraft:iron_sword":2,"iceandfire:copper_nugget":14,"minecraft:quartz":22,"minecraft:spider_eye":1,"immersiveengineering:seed":51,"minecraft:iron_helmet":1,"minecraft:cherry_sapling":79,"ae2:engineering_processor_press":1,"minecraft:coal":24,"immersiveengineering:dust_iron":1},"minecraft:custom":{"minecraft:interact_with_crafting_table":35,"minecraft:eat_cake_slice":4,"minecraft:leave_game":8,"minecraft:time_since_death":722,"minecraft:damage_resisted":0,"minecraft:sprint_one_cm":884257,"minecraft:drop":52,"minecraft:talked_to_villager":1,"minecraft:play_time":686334,"minecraft:deaths":9,"minecraft:jump":2932,"minecraft:walk_on_water_one_cm":90577,"minecraft:interact_with_furnace":8,"minecraft:sleep_in_bed":20,"minecraft:waystone_activated":11,"minecraft:damage_dealt":8748,"minecraft:player_kills":1,"minecraft:crouch_one_cm":41561,"tombstone:undead_killed":15,"tombstone:villager_killed":1,"minecraft:interact_with_smithing_table":1,"minecraft:mob_kills":47,"minecraft:interact_with_anvil":1,"minecraft:damage_dealt_resisted":220,"minecraft:climb_one_cm":4217,"minecraft:walk_one_cm":3400569,"minecraft:sneak_time":10132,"minecraft:walk_under_water_one_cm":23690,"minecraft:interact_with_blast_furnace":5,"minecraft:total_world_time":686334,"tombstone:raider_killed":3,"minecraft:time_since_rest":1,"minecraft:damage_taken":3495,"minecraft:swim_one_cm":27361,"minecraft:fly_one_cm":3400225,"minecraft:open_chest":159,"minecraft:fall_one_cm":42498}},"DataVersion":3465}