{"stats":{"minecraft:custom":{"minecraft:time_since_rest":36851,"tombstone:undead_killed":2,"minecraft:deaths":1,"minecraft:sprint_one_cm":5620,"minecraft:play_time":40895,"minecraft:damage_taken":240,"minecraft:walk_one_cm":96783,"minecraft:sneak_time":114,"minecraft:mob_kills":3,"minecraft:drop":1,"minecraft:damage_dealt_resisted":0,"minecraft:jump":50,"minecraft:damage_dealt":726,"minecraft:leave_game":1,"minecraft:time_since_death":36963,"minecraft:total_world_time":40895,"minecraft:interact_with_crafting_table":1,"minecraft:player_kills":1,"minecraft:fly_one_cm":124032},"minecraft:dropped":{"minecraft:iron_sword":1},"minecraft:killed":{"minecraft:zombie":1,"enemyexpansion:sprinter":1,"vampirism:advanced_vampire":1},"minecraft:used":{"minecraft:deepslate_bricks":302,"minecraft:soul_lantern":1,"minecraft:torch":27,"twilightforest:spiral_bricks":161,"minecraft:dirt":7,"minecraft:crafting_table":1,"minecraft:lantern":7,"minecraft:iron_axe":285,"minecraft:quartz_block":149,"tombstone:gift":2,"minecraft:iron_sword":12},"minecraft:picked_up":{"minecraft:birch_log":171,"minecraft:stick":21,"minecraft:torch":1,"minecraft:rose_bush":1,"minecraft:birch_sapling":36,"minecraft:dirt":1,"vampirism:vampire_blood_bottle":1},"minecraft:mined":{"minecraft:grass_block":1,"minecraft:birch_log":249,"minecraft:birch_leaves":1},"minecraft:broken":{"minecraft:iron_axe":1}},"DataVersion":3465}