{"stats":{"minecraft:custom":{"minecraft:interact_with_smithing_table":1,"minecraft:interact_with_furnace":3,"minecraft:mob_kills":18,"tombstone:raider_killed":1,"minecraft:interact_with_crafting_table":8,"minecraft:damage_dealt_resisted":0,"minecraft:leave_game":2,"minecraft:time_since_death":7169,"minecraft:sleep_in_bed":2,"minecraft:climb_one_cm":4217,"minecraft:damage_resisted":0,"minecraft:time_since_rest":0,"minecraft:waystone_activated":6,"minecraft:sprint_one_cm":260865,"minecraft:damage_taken":947,"minecraft:walk_one_cm":754417,"minecraft:drop":22,"minecraft:damage_dealt":3706,"minecraft:swim_one_cm":27361,"minecraft:fly_one_cm":1027184,"minecraft:player_kills":1,"minecraft:open_chest":30,"minecraft:crouch_one_cm":3769,"minecraft:play_time":183805,"tombstone:undead_killed":6,"minecraft:deaths":3,"minecraft:sneak_time":2066,"minecraft:walk_under_water_one_cm":14739,"tombstone:villager_killed":1,"minecraft:jump":587,"minecraft:walk_on_water_one_cm":16579,"minecraft:total_world_time":183805,"minecraft:fall_one_cm":5749},"minecraft:killed":{"minecraft:witch":1,"vampirism:advanced_vampire":1,"enemyexpansion:sprinter":2,"minecraft:sheep":3,"iceandfire:ghost":1,"minecraft:zombie":2,"evilcraft:poisonous_libelle":1,"minecraft:chicken":2,"minecraft:drowned":1,"minecraft:villager":1,"enemyexpansion:goblin":2,"enemyexpansion:wasp":1},"minecraft:crafted":{"minecraft:oak_planks":4,"iceandfire:silver_ingot":1,"minecraft:crafting_table":2,"minecraft:wooden_pickaxe":1,"minecraft:birch_planks":16,"minecraft:air":0,"minecraft:charcoal":6,"minecraft:stick":16,"minecraft:iron_pickaxe":1,"minecraft:iron_ingot":9,"minecraft:stone_pickaxe":1,"minecraft:gold_ingot":2,"minecraft:torch":16,"minecraft:wheat":27},"minecraft:dropped":{"rats:cheese":3,"minecraft:iron_sword":1,"minecraft:birch_planks":1,"minecraft:birch_sapling":7,"minecraft:rotten_flesh":2,"minecraft:apple":6,"iceandfire:ectoplasm":1,"minecraft:milk_bucket":1,"minecraft:iron_chestplate":4,"minecraft:charcoal":2,"immersiveengineering:ingot_aluminum":3,"minecraft:oak_sapling":22,"theoneprobe:probenote":1,"minecraft:stone_pickaxe":1,"minecraft:armor_stand":4},"minecraft:used":{"twilightforest:spiral_bricks":239,"minecraft:iron_shovel":60,"minecraft:polished_deepslate":36,"minecraft:orange_concrete":17,"minecraft:chiseled_deepslate":5,"minecraft:armor_stand":13,"minecraft:red_concrete":50,"securitycraft:keypad_chest":15,"minecraft:stone_pickaxe":1,"minecraft:wooden_pickaxe":21,"minecraft:iron_sword":77,"minecraft:deepslate_bricks":462,"minecraft:iron_chestplate":3,"minecraft:cookie":26,"minecraft:torch":49,"minecraft:pink_concrete":22,"minecraft:dirt":7,"minecraft:crafting_table":3,"minecraft:yellow_concrete":95,"minecraft:white_bed":1,"minecraft:ochre_froglight":422,"minecraft:gray_concrete":19,"minecraft:spruce_fence":35,"minecraft:blue_concrete":69,"minecraft:deepslate_brick_stairs":16,"securitycraft:reinforced_yellow_concrete":3,"minecraft:black_concrete":412,"minecraft:iron_pickaxe":5,"minecraft:light_gray_concrete":6,"minecraft:grass_block":107,"minecraft:lantern":19,"minecraft:iron_axe":399,"minecraft:cherry_slab":93,"minecraft:verdant_froglight":49,"waystones:mossy_waystone":6,"minecraft:quartz_block":257,"minecraft:magenta_concrete":38,"rats:cheese":3,"minecraft:soul_lantern":1,"minecraft:lime_concrete":178,"minecraft:cherry_stairs":6,"minecraft:deepslate_tile_stairs":16,"tombstone:gift":4,"minecraft:white_concrete":8,"minecraft:experience_bottle":1,"securitycraft:reinforced_lime_concrete":32},"minecraft:killed_by":{"minecraft:player":1,"iceandfire:fire_dragon":1},"minecraft:picked_up":{"minecraft:birch_log":203,"minecraft:iron_chestplate":4,"minecraft:feather":6,"vampirism:vampire_blood_bottle":1,"minecraft:chicken":2,"rats:cheese":3,"minecraft:oak_log":33,"iceandfire:ectoplasm":1,"rats:raw_rat":1,"minecraft:dirt":12,"minecraft:string":2,"minecraft:lantern":3,"minecraft:iron_leggings":2,"evilcraft:poison_sac":1,"minecraft:armor_stand":4,"minecraft:experience_bottle":1,"minecraft:apple":1,"minecraft:gold_nugget":18,"mysticalagriculture:inferium_essence":3,"minecraft:iron_ingot":1,"theoneprobe:probenote":1,"minecraft:rose_bush":3,"minecraft:iron_pickaxe":1,"minecraft:coal_block":5,"minecraft:sugar_cane":2,"minecraft:birch_sapling":45,"minecraft:iron_sword":1,"minecraft:iron_boots":1,"minecraft:stick":34,"iceandfire:copper_nugget":14,"apotheosis:gem":1,"minecraft:torch":1,"minecraft:iron_helmet":1,"minecraft:hay_block":3,"minecraft:iron_block":1,"minecraft:oak_sapling":22,"minecraft:mutton":6,"iceandfire:silver_nugget":11,"minecraft:white_wool":3,"minecraft:cobblestone":17},"minecraft:mined":{"iceandfire:copper_pile":2,"minecraft:grass_block":5,"minecraft:coal_block":5,"minecraft:tall_grass":3,"minecraft:sugar_cane":1,"minecraft:hay_block":4,"minecraft:birch_log":281,"minecraft:fire":3,"minecraft:birch_leaves":1,"minecraft:stone_brick_stairs":1,"minecraft:grass":15,"iceandfire:silver_pile":3,"minecraft:oak_log":42,"iceandfire:gold_pile":3,"minecraft:dirt":7,"minecraft:stone":17,"minecraft:iron_block":1,"minecraft:oak_leaves":1},"minecraft:broken":{"minecraft:iron_axe":1}},"DataVersion":3465}