{"stats":{"minecraft:used":{"tombstone:gift":2,"minecraft:dirt":7,"minecraft:iron_axe":285},"minecraft:mined":{"minecraft:birch_log":249,"minecraft:grass_block":1,"minecraft:birch_leaves":1},"minecraft:broken":{"minecraft:iron_axe":1},"minecraft:picked_up":{"minecraft:stick":21,"minecraft:birch_sapling":35,"minecraft:dirt":1,"minecraft:birch_log":171},"minecraft:custom":{"minecraft:jump":21,"minecraft:time_since_rest":6424,"minecraft:leave_game":1,"minecraft:deaths":1,"minecraft:sprint_one_cm":5620,"minecraft:play_time":10468,"minecraft:damage_taken":240,"minecraft:time_since_death":6536,"minecraft:walk_one_cm":59865,"minecraft:sneak_time":6,"minecraft:total_world_time":10468,"minecraft:fly_one_cm":16221}},"DataVersion":3465}