{"stats":{"minecraft:custom":{"minecraft:time_since_rest":48851,"minecraft:sprint_one_cm":8398,"minecraft:damage_taken":240,"minecraft:walk_one_cm":133570,"minecraft:mob_kills":3,"minecraft:drop":3,"minecraft:damage_dealt":726,"minecraft:interact_with_crafting_table":1,"minecraft:fly_one_cm":215104,"minecraft:player_kills":1,"minecraft:play_time":52895,"tombstone:undead_killed":2,"minecraft:deaths":1,"minecraft:sneak_time":194,"minecraft:jump":60,"minecraft:damage_dealt_resisted":0,"minecraft:leave_game":1,"minecraft:time_since_death":48963,"minecraft:total_world_time":52895},"minecraft:killed":{"minecraft:zombie":1,"vampirism:advanced_vampire":1,"enemyexpansion:sprinter":1},"minecraft:dropped":{"minecraft:iron_sword":1,"minecraft:rotten_flesh":2},"minecraft:used":{"twilightforest:spiral_bricks":169,"minecraft:orange_concrete":17,"minecraft:red_concrete":14,"minecraft:lantern":7,"minecraft:iron_axe":285,"minecraft:quartz_block":165,"minecraft:iron_sword":12,"minecraft:deepslate_bricks":366,"minecraft:soul_lantern":1,"minecraft:torch":27,"minecraft:dirt":7,"minecraft:lime_concrete":11,"minecraft:crafting_table":1,"tombstone:gift":2,"minecraft:blue_concrete":27},"minecraft:picked_up":{"minecraft:birch_log":171,"minecraft:stick":22,"vampirism:vampire_blood_bottle":1,"minecraft:torch":1,"minecraft:dirt":1,"minecraft:rose_bush":3,"minecraft:birch_sapling":38},"minecraft:mined":{"minecraft:birch_log":249,"minecraft:birch_leaves":1,"minecraft:grass_block":1},"minecraft:broken":{"minecraft:iron_axe":1}},"DataVersion":3465}