{"stats":{"minecraft:custom":{"minecraft:interact_with_smithing_table":1,"minecraft:mob_kills":18,"minecraft:interact_with_crafting_table":9,"minecraft:damage_dealt_resisted":0,"minecraft:leave_game":2,"minecraft:time_since_death":25169,"minecraft:climb_one_cm":4217,"minecraft:damage_resisted":0,"minecraft:sprint_one_cm":328537,"minecraft:walk_one_cm":882648,"minecraft:drop":36,"minecraft:talked_to_villager":1,"minecraft:play_time":201805,"minecraft:deaths":3,"minecraft:sneak_time":2071,"minecraft:walk_under_water_one_cm":14739,"minecraft:jump":901,"minecraft:walk_on_water_one_cm":16579,"minecraft:total_world_time":201805,"minecraft:interact_with_furnace":3,"tombstone:raider_killed":1,"minecraft:sleep_in_bed":3,"minecraft:time_since_rest":15333,"minecraft:waystone_activated":6,"minecraft:damage_taken":1037,"minecraft:damage_dealt":3706,"minecraft:player_kills":1,"minecraft:swim_one_cm":27361,"minecraft:fly_one_cm":1071925,"minecraft:open_chest":40,"minecraft:crouch_one_cm":3859,"tombstone:undead_killed":6,"tombstone:villager_killed":1,"minecraft:fall_one_cm":12408},"minecraft:killed":{"minecraft:witch":1,"vampirism:advanced_vampire":1,"minecraft:chicken":2,"minecraft:drowned":1,"enemyexpansion:goblin":2,"enemyexpansion:sprinter":2,"minecraft:sheep":3,"evilcraft:poisonous_libelle":1,"minecraft:zombie":2,"iceandfire:ghost":1,"minecraft:villager":1,"enemyexpansion:wasp":1},"minecraft:dropped":{"rats:cheese":5,"minecraft:iron_sword":1,"minecraft:birch_planks":1,"minecraft:cherry_log":2,"ae2:sky_stone_block":4,"minecraft:apple":6,"iceandfire:ectoplasm":1,"minecraft:saddle":1,"minecraft:stick":17,"minecraft:milk_bucket":1,"theoneprobe:probenote":1,"minecraft:birch_log":23,"rats:raw_rat":1,"minecraft:armor_stand":4,"minecraft:polished_deepslate":2,"minecraft:birch_sapling":7,"minecraft:cherry_sapling":3,"minecraft:rotten_flesh":2,"minecraft:iron_chestplate":4,"minecraft:charcoal":2,"minecraft:oak_sapling":22,"immersiveengineering:ingot_aluminum":3,"minecraft:stone_pickaxe":1,"minecraft:wooden_pickaxe":1},"minecraft:crafted":{"minecraft:cherry_planks":132,"minecraft:oak_planks":4,"minecraft:stone_pickaxe":1,"minecraft:chest":8,"minecraft:wheat":27,"iceandfire:silver_ingot":1,"minecraft:crafting_table":3,"minecraft:wooden_pickaxe":1,"minecraft:birch_planks":80,"minecraft:air":0,"minecraft:charcoal":6,"minecraft:stick":16,"minecraft:iron_ingot":9,"minecraft:iron_pickaxe":1,"minecraft:gold_ingot":2,"minecraft:torch":16},"minecraft:used":{"twilightforest:spiral_bricks":239,"minecraft:iron_shovel":60,"minecraft:polished_deepslate":36,"minecraft:orange_concrete":17,"minecraft:chiseled_deepslate":5,"minecraft:red_concrete":50,"minecraft:armor_stand":13,"securitycraft:keypad_chest":15,"minecraft:chest":4,"minecraft:iron_sword":77,"minecraft:iron_chestplate":3,"minecraft:torch":61,"minecraft:dirt":7,"minecraft:spruce_fence":35,"minecraft:blue_concrete":69,"minecraft:iron_axe":513,"minecraft:lantern":19,"minecraft:grass_block":107,"minecraft:cherry_slab":93,"minecraft:quartz_block":257,"minecraft:lime_concrete":178,"minecraft:deepslate_tile_stairs":16,"tombstone:gift":4,"minecraft:stone_pickaxe":1,"minecraft:wooden_pickaxe":21,"minecraft:cherry_planks":53,"minecraft:deepslate_bricks":462,"minecraft:cookie":34,"minecraft:pink_concrete":22,"minecraft:crafting_table":4,"minecraft:yellow_concrete":95,"minecraft:white_bed":1,"minecraft:ochre_froglight":422,"minecraft:gray_concrete":19,"minecraft:deepslate_brick_stairs":16,"securitycraft:reinforced_yellow_concrete":3,"minecraft:black_concrete":412,"minecraft:light_gray_concrete":6,"waystones:mossy_waystone":6,"minecraft:iron_pickaxe":33,"minecraft:verdant_froglight":49,"minecraft:magenta_concrete":38,"rats:cheese":3,"minecraft:soul_lantern":1,"minecraft:cobblestone":8,"minecraft:cherry_stairs":6,"minecraft:white_concrete":8,"securitycraft:reinforced_lime_concrete":32,"minecraft:experience_bottle":1},"minecraft:killed_by":{"minecraft:player":1,"iceandfire:fire_dragon":1},"minecraft:picked_up":{"minecraft:iron_chestplate":4,"minecraft:chicken":2,"biomesoplenty:jacaranda_sapling":21,"ae2:silicon_press":1,"minecraft:polished_deepslate":1,"minecraft:string":2,"evilcraft:poison_sac":1,"minecraft:iron_leggings":2,"minecraft:armor_stand":4,"minecraft:experience_bottle":1,"cyclic:flower_lime_carnation":1,"mysticalagriculture:inferium_essence":3,"minecraft:gold_nugget":18,"minecraft:rose_bush":3,"minecraft:iron_pickaxe":1,"minecraft:sugar_cane":2,"minecraft:coal_block":5,"minecraft:birch_sapling":45,"minecraft:iron_boots":1,"minecraft:stick":71,"minecraft:raw_iron":4,"apotheosis:gem":1,"minecraft:torch":2,"minecraft:cherry_log":35,"ae2:sky_stone_block":4,"biomesoplenty:jacaranda_log":42,"minecraft:hay_block":3,"minecraft:iron_block":1,"minecraft:saddle":1,"ae2:calculation_processor_press":1,"minecraft:mutton":6,"minecraft:cobblestone":25,"minecraft:white_wool":3,"minecraft:birch_log":203,"minecraft:pink_petals":115,"vampirism:vampire_blood_bottle":1,"minecraft:feather":6,"minecraft:cherry_planks":20,"rats:cheese":3,"minecraft:oak_log":44,"iceandfire:ectoplasm":1,"rats:raw_rat":1,"minecraft:dirt":12,"minecraft:lantern":3,"minecraft:apple":1,"minecraft:wheat_seeds":4,"theoneprobe:probenote":1,"minecraft:iron_ingot":1,"ae2:logic_processor_press":1,"minecraft:iron_sword":1,"iceandfire:copper_nugget":14,"immersiveengineering:seed":2,"ae2:chipped_budding_quartz":5,"minecraft:iron_helmet":1,"minecraft:cherry_sapling":13,"minecraft:emerald":1,"ae2:engineering_processor_press":1,"minecraft:oak_sapling":27,"iceandfire:silver_nugget":11},"minecraft:mined":{"ae2:chipped_budding_quartz":1,"iceandfire:copper_pile":2,"minecraft:cherry_log":35,"minecraft:grass_block":11,"minecraft:coal_block":5,"minecraft:hay_block":4,"biomesoplenty:jacaranda_log":42,"minecraft:iron_ore":4,"minecraft:fire":3,"ae2:mysterious_cube":1,"iceandfire:gold_pile":3,"ae2:sky_stone_block":4,"minecraft:stone":24,"minecraft:iron_block":1,"cyclic:flower_lime_carnation":1,"minecraft:cherry_planks":4,"minecraft:torch":1,"minecraft:emerald_ore":1,"minecraft:tall_grass":6,"minecraft:cobblestone":1,"minecraft:sugar_cane":1,"minecraft:pink_petals":53,"ae2:flawless_budding_quartz":1,"minecraft:birch_log":281,"minecraft:birch_leaves":1,"minecraft:stone_brick_stairs":1,"ae2:flawed_budding_quartz":5,"minecraft:grass":28,"ae2:quartz_block":2,"minecraft:oak_log":53,"iceandfire:silver_pile":3,"minecraft:dirt":7,"minecraft:oak_leaves":1},"minecraft:broken":{"minecraft:iron_axe":1}},"DataVersion":3465}