{"stats":{"minecraft:custom":{"minecraft:time_since_rest":24851,"minecraft:deaths":1,"minecraft:sprint_one_cm":5620,"minecraft:play_time":28895,"minecraft:damage_taken":240,"minecraft:walk_one_cm":74859,"minecraft:sneak_time":26,"minecraft:jump":32,"minecraft:damage_dealt":10,"minecraft:leave_game":1,"minecraft:time_since_death":24963,"minecraft:total_world_time":28895,"minecraft:interact_with_crafting_table":1,"minecraft:fly_one_cm":75292},"minecraft:used":{"minecraft:deepslate_bricks":93,"minecraft:soul_lantern":1,"minecraft:torch":21,"twilightforest:spiral_bricks":25,"minecraft:dirt":7,"minecraft:crafting_table":1,"minecraft:lantern":7,"minecraft:iron_axe":285,"minecraft:quartz_block":95,"tombstone:gift":2},"minecraft:picked_up":{"minecraft:birch_log":171,"minecraft:stick":21,"minecraft:rose_bush":1,"minecraft:birch_sapling":36,"minecraft:dirt":1},"minecraft:mined":{"minecraft:grass_block":1,"minecraft:birch_log":249,"minecraft:birch_leaves":1},"minecraft:broken":{"minecraft:iron_axe":1}},"DataVersion":3465}