{"stats":{"minecraft:custom":{"minecraft:time_since_rest":550,"minecraft:waystone_activated":6,"minecraft:damage_taken":483,"minecraft:sprint_one_cm":44028,"minecraft:walk_one_cm":512818,"minecraft:mob_kills":6,"minecraft:drop":4,"minecraft:damage_dealt":1572,"minecraft:interact_with_crafting_table":1,"minecraft:fly_one_cm":924027,"minecraft:player_kills":1,"minecraft:open_chest":8,"minecraft:crouch_one_cm":895,"minecraft:play_time":147805,"tombstone:undead_killed":3,"minecraft:deaths":2,"minecraft:sneak_time":1690,"minecraft:walk_under_water_one_cm":1849,"minecraft:jump":204,"minecraft:damage_dealt_resisted":0,"minecraft:leave_game":2,"minecraft:walk_on_water_one_cm":380,"minecraft:time_since_death":1606,"minecraft:sleep_in_bed":1,"minecraft:total_world_time":147805,"minecraft:fall_one_cm":476},"minecraft:killed":{"evilcraft:poisonous_libelle":1,"minecraft:zombie":1,"vampirism:advanced_vampire":1,"enemyexpansion:sprinter":2,"enemyexpansion:goblin":1},"minecraft:dropped":{"minecraft:iron_sword":1,"minecraft:milk_bucket":1,"minecraft:rotten_flesh":2},"minecraft:used":{"securitycraft:reinforced_yellow_concrete":3,"twilightforest:spiral_bricks":239,"minecraft:iron_shovel":60,"minecraft:black_concrete":412,"minecraft:red_concrete":50,"minecraft:chiseled_deepslate":5,"minecraft:lantern":19,"minecraft:iron_axe":311,"securitycraft:keypad_chest":15,"minecraft:polished_deepslate":36,"minecraft:orange_concrete":17,"minecraft:light_gray_concrete":6,"minecraft:cherry_slab":93,"minecraft:armor_stand":13,"minecraft:grass_block":107,"waystones:mossy_waystone":6,"minecraft:verdant_froglight":49,"minecraft:quartz_block":257,"minecraft:magenta_concrete":38,"minecraft:iron_sword":12,"minecraft:deepslate_bricks":462,"minecraft:soul_lantern":1,"minecraft:iron_chestplate":1,"minecraft:pink_concrete":22,"minecraft:torch":49,"minecraft:dirt":7,"minecraft:lime_concrete":178,"minecraft:cherry_stairs":6,"minecraft:crafting_table":1,"minecraft:deepslate_tile_stairs":16,"tombstone:gift":4,"minecraft:yellow_concrete":95,"minecraft:white_bed":1,"minecraft:ochre_froglight":422,"minecraft:gray_concrete":19,"minecraft:white_concrete":8,"minecraft:spruce_fence":35,"minecraft:blue_concrete":69,"minecraft:deepslate_brick_stairs":16,"securitycraft:reinforced_lime_concrete":32},"minecraft:killed_by":{"minecraft:player":1},"minecraft:picked_up":{"minecraft:birch_log":185,"apotheosis:gem":1,"minecraft:stick":22,"vampirism:vampire_blood_bottle":1,"minecraft:torch":1,"minecraft:string":2,"minecraft:dirt":6,"minecraft:lantern":3,"evilcraft:poison_sac":1,"theoneprobe:probenote":1,"minecraft:rose_bush":3,"minecraft:birch_sapling":42},"minecraft:mined":{"minecraft:birch_log":263,"minecraft:birch_leaves":1,"minecraft:grass_block":3,"minecraft:dirt":4},"minecraft:broken":{"minecraft:iron_axe":1}},"DataVersion":3465}