{"stats":{"minecraft:custom":{"minecraft:interact_with_smithing_table":1,"minecraft:mob_kills":31,"minecraft:interact_with_crafting_table":32,"minecraft:damage_dealt_resisted":0,"minecraft:leave_game":2,"minecraft:time_since_death":111516,"minecraft:climb_one_cm":4217,"minecraft:damage_resisted":0,"minecraft:sprint_one_cm":487420,"minecraft:walk_one_cm":1806795,"minecraft:drop":39,"minecraft:talked_to_villager":1,"minecraft:play_time":323017,"minecraft:deaths":4,"minecraft:sneak_time":4170,"minecraft:walk_under_water_one_cm":14739,"minecraft:jump":1871,"minecraft:walk_on_water_one_cm":16579,"minecraft:total_world_time":323017,"minecraft:interact_with_furnace":3,"tombstone:raider_killed":1,"minecraft:sleep_in_bed":6,"minecraft:time_since_rest":75831,"minecraft:waystone_activated":8,"minecraft:damage_taken":1670,"minecraft:damage_dealt":5813,"minecraft:player_kills":1,"minecraft:swim_one_cm":27361,"minecraft:fly_one_cm":1597365,"minecraft:open_chest":69,"minecraft:crouch_one_cm":16430,"tombstone:undead_killed":12,"tombstone:villager_killed":1,"minecraft:fall_one_cm":27184},"minecraft:killed":{"minecraft:witch":1,"vampirism:advanced_vampire":1,"minecraft:spider":4,"minecraft:skeleton":1,"minecraft:chicken":2,"minecraft:drowned":1,"enemyexpansion:goblin":2,"enemyexpansion:sprinter":2,"minecraft:sheep":3,"enemyexpansion:meature":1,"minecraft:zombie":6,"evilcraft:poisonous_libelle":1,"iceandfire:ghost":1,"enemyexpansion:botfly":2,"minecraft:villager":1,"enemyexpansion:wasp":1},"minecraft:dropped":{"rats:cheese":5,"minecraft:iron_sword":1,"minecraft:birch_planks":1,"minecraft:cherry_log":2,"ae2:sky_stone_block":4,"minecraft:apple":6,"iceandfire:ectoplasm":1,"minecraft:saddle":1,"minecraft:stick":17,"minecraft:milk_bucket":1,"theoneprobe:probenote":1,"minecraft:pink_petals":128,"minecraft:birch_log":23,"rats:raw_rat":1,"minecraft:polished_deepslate":2,"minecraft:armor_stand":4,"minecraft:birch_sapling":7,"minecraft:cherry_sapling":3,"minecraft:rotten_flesh":2,"cyclic:flower_lime_carnation":1,"minecraft:iron_chestplate":4,"minecraft:charcoal":2,"immersiveengineering:ingot_aluminum":3,"minecraft:oak_sapling":22,"minecraft:wooden_pickaxe":1,"minecraft:stone_pickaxe":1},"minecraft:crafted":{"minecraft:cherry_planks":576,"minecraft:oak_planks":8,"minecraft:coal":45,"minecraft:cherry_slab":102,"minecraft:pink_bed":1,"onlyexcavators:stone_excavator":4,"minecraft:pink_dye":3,"minecraft:iron_axe":1,"minecraft:iron_hoe":1,"minecraft:stone_pickaxe":1,"minecraft:chest":8,"minecraft:cherry_fence":48,"minecraft:wheat":27,"iceandfire:silver_ingot":1,"minecraft:crafting_table":4,"minecraft:wooden_pickaxe":1,"minecraft:birch_planks":80,"minecraft:stone_axe":1,"minecraft:bread":21,"minecraft:air":0,"minecraft:charcoal":6,"minecraft:pink_wool":3,"minecraft:stick":72,"minecraft:iron_ingot":9,"minecraft:iron_pickaxe":1,"minecraft:gold_ingot":2,"minecraft:torch":144},"minecraft:used":{"minecraft:cherry_sapling":7,"twilightforest:spiral_bricks":239,"biomesoplenty:stripped_jacaranda_wood":260,"minecraft:chiseled_deepslate":5,"minecraft:iron_shovel":60,"minecraft:polished_deepslate":36,"minecraft:orange_concrete":17,"minecraft:armor_stand":13,"minecraft:red_concrete":50,"securitycraft:keypad_chest":15,"minecraft:chest":4,"minecraft:iron_sword":102,"minecraft:iron_chestplate":3,"minecraft:torch":164,"minecraft:dirt":285,"minecraft:spruce_fence":35,"minecraft:blue_concrete":69,"minecraft:glass":235,"minecraft:lantern":19,"minecraft:iron_axe":801,"minecraft:grass_block":107,"minecraft:cherry_slab":289,"minecraft:quartz_block":257,"biomesoplenty:jacaranda_log":650,"biomesoplenty:jacaranda_stairs":52,"biomesoplenty:jacaranda_sapling":8,"minecraft:lime_concrete":178,"minecraft:deepslate_tile_stairs":16,"tombstone:gift":4,"minecraft:cherry_fence":101,"minecraft:cherry_log":31,"biomesoplenty:jacaranda_door":3,"minecraft:lead":1,"minecraft:stone_pickaxe":1,"minecraft:wooden_pickaxe":21,"minecraft:cherry_planks":699,"minecraft:deepslate_bricks":462,"minecraft:cookie":34,"minecraft:pink_concrete":22,"minecraft:crafting_table":5,"minecraft:yellow_concrete":95,"minecraft:white_bed":1,"minecraft:ochre_froglight":422,"minecraft:gray_concrete":19,"biomesoplenty:jacaranda_planks":14,"minecraft:deepslate_brick_stairs":58,"waystones:waystone":1,"securitycraft:reinforced_yellow_concrete":3,"minecraft:black_concrete":412,"waystones:mossy_waystone":7,"minecraft:light_gray_concrete":6,"minecraft:iron_pickaxe":162,"minecraft:bread":12,"minecraft:verdant_froglight":49,"minecraft:magenta_concrete":38,"onlyexcavators:stone_excavator":2355,"rats:cheese":3,"minecraft:pink_bed":1,"minecraft:stone_axe":102,"minecraft:soul_lantern":1,"minecraft:cherry_stairs":6,"minecraft:cobblestone":8,"minecraft:white_concrete":8,"minecraft:experience_bottle":1,"securitycraft:reinforced_lime_concrete":32},"minecraft:killed_by":{"minecraft:player":1,"alexsmobs:tiger":1,"iceandfire:fire_dragon":1},"minecraft:picked_up":{"minecraft:iron_chestplate":4,"minecraft:chicken":2,"biomesoplenty:jacaranda_sapling":63,"ae2:silicon_press":1,"minecraft:polished_deepslate":1,"minecraft:string":4,"evilcraft:poison_sac":1,"minecraft:iron_leggings":2,"minecraft:armor_stand":4,"minecraft:experience_bottle":1,"cyclic:flower_lime_carnation":15,"mysticalagriculture:inferium_essence":7,"minecraft:gold_nugget":18,"minecraft:rose_bush":3,"minecraft:iron_pickaxe":1,"minecraft:coal_block":5,"minecraft:sugar_cane":2,"minecraft:birch_sapling":45,"minecraft:iron_boots":1,"minecraft:stick":119,"minecraft:raw_iron":5,"apotheosis:gem":1,"minecraft:torch":15,"minecraft:cherry_log":177,"tombstone:grave_dust":2,"minecraft:redstone":1,"ae2:sky_stone_block":4,"minecraft:rotten_flesh":3,"biomesoplenty:jacaranda_log":177,"minecraft:hay_block":3,"minecraft:iron_block":1,"minecraft:saddle":1,"ae2:calculation_processor_press":1,"minecraft:mutton":6,"minecraft:white_wool":3,"minecraft:cobblestone":124,"minecraft:birch_log":203,"minecraft:pink_petals":1509,"minecraft:feather":6,"vampirism:vampire_blood_bottle":1,"minecraft:cherry_planks":29,"minecraft:potato":1,"rats:cheese":3,"minecraft:oak_log":53,"minecraft:cherry_fence":4,"iceandfire:ectoplasm":1,"rats:raw_rat":1,"minecraft:dirt":1918,"minecraft:lantern":3,"tombstone:gift":1,"cyclic:flower_cyan":20,"minecraft:bone":1,"minecraft:apple":1,"minecraft:wheat_seeds":29,"minecraft:iron_ingot":1,"theoneprobe:probenote":1,"ae2:logic_processor_press":1,"minecraft:iron_sword":1,"iceandfire:copper_nugget":14,"minecraft:spider_eye":1,"minecraft:bundle":1,"immersiveengineering:seed":30,"ae2:chipped_budding_quartz":5,"minecraft:iron_helmet":1,"minecraft:cherry_sapling":79,"ae2:engineering_processor_press":1,"minecraft:emerald":1,"minecraft:oak_sapling":30,"minecraft:cherry_slab":6,"iceandfire:silver_nugget":11,"minecraft:coal":17,"immersiveengineering:dust_iron":1},"minecraft:mined":{"ae2:chipped_budding_quartz":1,"iceandfire:copper_pile":2,"minecraft:cherry_log":190,"minecraft:grass_block":863,"minecraft:coal_block":5,"minecraft:hay_block":4,"biomesoplenty:jacaranda_log":186,"minecraft:iron_ore":5,"minecraft:fire":3,"ae2:mysterious_cube":1,"iceandfire:gold_pile":3,"ae2:sky_stone_block":4,"minecraft:stone":125,"minecraft:iron_block":1,"biomesoplenty:jacaranda_leaves":3,"cyclic:flower_lime_carnation":2,"minecraft:cherry_planks":13,"minecraft:torch":7,"minecraft:emerald_ore":1,"minecraft:tall_grass":24,"minecraft:cobblestone":1,"minecraft:sugar_cane":1,"minecraft:cherry_slab":6,"minecraft:pink_petals":308,"minecraft:cherry_fence":4,"ae2:flawless_budding_quartz":1,"minecraft:birch_log":281,"minecraft:birch_leaves":1,"minecraft:bee_nest":1,"minecraft:stone_brick_stairs":1,"ae2:flawed_budding_quartz":5,"minecraft:grass":121,"ae2:quartz_block":2,"minecraft:oak_log":63,"minecraft:coal_ore":19,"iceandfire:silver_pile":3,"minecraft:cherry_leaves":4,"minecraft:dirt":1165,"minecraft:oak_leaves":1},"minecraft:broken":{"onlyexcavators:stone_excavator":2,"minecraft:iron_axe":3}},"DataVersion":3465}