{"stats":{"minecraft:custom":{"minecraft:time_since_rest":17395,"minecraft:waystone_activated":1,"minecraft:sprint_one_cm":15499,"minecraft:damage_taken":240,"minecraft:walk_one_cm":397977,"minecraft:mob_kills":3,"minecraft:drop":4,"minecraft:damage_dealt":1000,"minecraft:interact_with_crafting_table":1,"minecraft:fly_one_cm":788062,"minecraft:player_kills":1,"minecraft:open_chest":7,"minecraft:crouch_one_cm":120,"minecraft:play_time":124895,"tombstone:undead_killed":2,"minecraft:deaths":1,"minecraft:sneak_time":1429,"minecraft:jump":127,"minecraft:damage_dealt_resisted":0,"minecraft:leave_game":1,"minecraft:walk_on_water_one_cm":18,"minecraft:time_since_death":120963,"minecraft:sleep_in_bed":1,"minecraft:total_world_time":124895},"minecraft:killed":{"minecraft:zombie":1,"vampirism:advanced_vampire":1,"enemyexpansion:sprinter":1},"minecraft:dropped":{"minecraft:iron_sword":1,"minecraft:milk_bucket":1,"minecraft:rotten_flesh":2},"minecraft:used":{"securitycraft:reinforced_yellow_concrete":3,"twilightforest:spiral_bricks":239,"minecraft:black_concrete":412,"minecraft:grass_block":38,"minecraft:polished_deepslate":4,"minecraft:chiseled_deepslate":5,"minecraft:light_gray_concrete":6,"minecraft:armor_stand":13,"minecraft:orange_concrete":17,"securitycraft:keypad_chest":14,"minecraft:red_concrete":50,"minecraft:lantern":10,"minecraft:iron_axe":285,"waystones:mossy_waystone":1,"minecraft:verdant_froglight":49,"minecraft:quartz_block":257,"minecraft:magenta_concrete":38,"minecraft:iron_sword":12,"minecraft:deepslate_bricks":462,"minecraft:soul_lantern":1,"minecraft:pink_concrete":22,"minecraft:torch":49,"minecraft:dirt":7,"minecraft:lime_concrete":178,"minecraft:crafting_table":1,"minecraft:yellow_concrete":95,"tombstone:gift":2,"minecraft:white_bed":1,"minecraft:ochre_froglight":422,"minecraft:white_concrete":8,"minecraft:gray_concrete":19,"minecraft:blue_concrete":69,"minecraft:deepslate_brick_stairs":16,"securitycraft:reinforced_lime_concrete":32},"minecraft:picked_up":{"minecraft:birch_log":171,"minecraft:stick":22,"vampirism:vampire_blood_bottle":1,"minecraft:torch":1,"minecraft:dirt":1,"minecraft:lantern":2,"minecraft:rose_bush":3,"minecraft:birch_sapling":38},"minecraft:mined":{"minecraft:birch_log":249,"minecraft:birch_leaves":1,"minecraft:grass_block":1},"minecraft:broken":{"minecraft:iron_axe":1}},"DataVersion":3465}