{"stats":{"minecraft:custom":{"minecraft:time_since_rest":17853,"minecraft:crouch_one_cm":6070,"minecraft:play_time":26500,"minecraft:sprint_one_cm":156151,"minecraft:walk_one_cm":210372,"minecraft:damage_taken":535,"minecraft:deaths":2,"minecraft:sneak_time":767,"minecraft:mob_kills":1,"minecraft:drop":2,"minecraft:damage_dealt_resisted":0,"minecraft:jump":153,"minecraft:damage_dealt":478,"minecraft:time_since_death":18131,"minecraft:total_world_time":26500,"minecraft:fall_one_cm":2148,"minecraft:fly_one_cm":40075},"minecraft:crafted":{"minecraft:birch_planks":4},"minecraft:killed":{"alexsmobs:fly":1},"minecraft:dropped":{"theoneprobe:probenote":1,"patchouli:guide_book":1},"minecraft:used":{"minecraft:rotten_flesh":4,"minecraft:rose_bush":1,"minecraft:dirt":1,"alexsmobs:animal_dictionary":5,"minecraft:iron_sword":10},"minecraft:killed_by":{"vampirism:advanced_vampire":1,"minecraft:player":1},"minecraft:picked_up":{"minecraft:stick":2,"minecraft:rotten_flesh":4,"minecraft:torch":1,"minecraft:rose_bush":3,"minecraft:birch_sapling":3,"minecraft:iron_sword":1,"minecraft:lantern":1,"minecraft:dirt":1,"minecraft:birch_log":1},"minecraft:mined":{"minecraft:grass":1,"minecraft:grass_block":1,"minecraft:rose_bush":1,"minecraft:birch_log":1,"minecraft:torch":1}},"DataVersion":3465}