{"stats":{"minecraft:crafted":{"minecraft:stone_shovel":1,"minecraft:spruce_button":28,"minecraft:cooked_chicken":3,"minecraft:furnace":7,"minecraft:stone":34,"minecraft:cooked_mutton":12,"minecraft:ladder":30,"minecraft:stone_pickaxe":2,"minecraft:chest":5,"biomesoplenty:magic_planks":28,"minecraft:stone_hoe":1,"minecraft:cooked_cod":8,"minecraft:wheat":27,"minecraft:red_dye":40,"mekanism:ingot_tin":12,"minecraft:wooden_shovel":1,"minecraft:cooked_porkchop":14,"minecraft:crafting_table":3,"minecraft:spruce_planks":256,"minecraft:wooden_pickaxe":2,"minecraft:baked_potato":3,"minecraft:spruce_door":3,"minecraft:birch_planks":44,"minecraft:bread":3,"minecraft:air":0,"justhammers:stone_hammer":1,"minecraft:charcoal":17,"minecraft:stick":104,"minecraft:iron_pickaxe":1,"minecraft:iron_ingot":1,"minecraft:iron_shovel":1,"minecraft:stone_sword":1,"minecraft:snow_block":97,"minecraft:torch":20},"minecraft:used":{"minecraft:rose_bush":1,"minecraft:stone_sword":176,"minecraft:iron_shovel":59,"minecraft:armor_stand":1,"minecraft:stone_shovel":131,"securitycraft:keypad_chest":1,"minecraft:ladder":24,"minecraft:chest":5,"minecraft:stone":31,"minecraft:iron_sword":40,"minecraft:stone_hoe":21,"minecraft:cooked_chicken":3,"minecraft:wooden_shovel":59,"minecraft:rotten_flesh":6,"minecraft:iron_chestplate":1,"minecraft:torch":21,"minecraft:dirt":69,"minecraft:carrot":6,"minecraft:snowball":1,"minecraft:stripped_spruce_log":2,"minecraft:milk_bucket":1,"vampirism:item_tent":1,"minecraft:iron_axe":243,"minecraft:birch_sapling":1,"evilcraft:flesh_humanoid":1,"minecraft:sweet_berries":35,"minecraft:furnace":13,"minecraft:cooked_cod":8,"vampirism:armor_of_swiftness_chest_ultimate":1,"tombstone:gift":7,"minecraft:trapped_chest":1,"minecraft:potato":53,"minecraft:water_bucket":27,"minecraft:cooked_mutton":10,"epicfight:skillbook":1,"minecraft:spruce_door":1,"minecraft:snow_block":97,"minecraft:baked_potato":3,"minecraft:birch_planks":1,"minecraft:stone_pickaxe":253,"minecraft:wooden_pickaxe":60,"vampirism:item_garlic":1,"minecraft:cookie":26,"minecraft:crafting_table":5,"minecraft:white_bed":4,"minecraft:spruce_log":3,"tombstone:bag_of_seeds":1,"minecraft:apple":7,"minecraft:iron_pickaxe":44,"minecraft:bread":6,"tombstone:grave_key":1,"minecraft:spruce_sapling":10,"justhammers:stone_hammer":99,"minecraft:cobblestone":87,"minecraft:cooked_porkchop":15,"minecraft:andesite":6,"minecraft:bucket":27,"alexsmobs:animal_dictionary":8,"minecraft:experience_bottle":1},"minecraft:mined":{"ae2:chipped_budding_quartz":1,"minecraft:white_bed":4,"minecraft:ladder":2,"minecraft:granite":10,"minecraft:stone_button":1,"minecraft:grass_block":32,"minecraft:infested_cobblestone":1,"iceandfire:frozen_grass":1,"minecraft:spruce_leaves":15,"biomesoplenty:dead_grass":3,"minecraft:hay_block":3,"minecraft:tall_seagrass":1,"minecraft:furnace":6,"minecraft:carrots":5,"minecraft:iron_ore":1,"minecraft:snow":4,"minecraft:andesite":6,"ae2:damaged_budding_quartz":1,"minecraft:stripped_spruce_log":6,"evilcraft:dark_ore":2,"ae2:mysterious_cube":1,"biomesoplenty:magic_log":7,"minecraft:potatoes":32,"minecraft:bookshelf":2,"minecraft:dirt_path":31,"biomesoplenty:high_grass":1,"minecraft:cobblestone_slab":1,"minecraft:oak_stairs":1,"minecraft:purple_carpet":1,"minecraft:stone":211,"ae2:large_quartz_bud":1,"cyclic:flower_lime_carnation":2,"terraqueous:doodad_stone":4,"minecraft:red_wool":1,"minecraft:snow_block":180,"vampirism:tent_main":1,"minecraft:powder_snow":23,"iceandfire:dragon_ice_spikes":2,"minecraft:crafting_table":1,"minecraft:torch":4,"minecraft:rose_bush":19,"mekanism:tin_ore":16,"minecraft:copper_ore":1,"biomesoplenty:high_grass_plant":1,"minecraft:tall_grass":3,"minecraft:cobblestone":24,"biomesoplenty:sprout":21,"minecraft:lapis_ore":5,"minecraft:diorite":24,"minecraft:wall_torch":4,"ae2:flawless_budding_quartz":1,"ae2:medium_quartz_bud":1,"minecraft:blue_ice":9,"minecraft:birch_log":65,"minecraft:wheat":3,"minecraft:sweet_berry_bush":9,"minecraft:ice":25,"biomesoplenty:pink_daffodil":1,"minecraft:spruce_log":85,"biomesoplenty:fir_log":13,"vampirism:garlic":1,"minecraft:black_wool":1,"minecraft:grass":26,"ae2:quartz_block":1,"biomesoplenty:clover":8,"minecraft:coal_ore":13,"evilcraft:blood_stain":1,"biomesoplenty:fir_leaves":3,"minecraft:gravel":1,"minecraft:sand":17,"minecraft:dirt":30,"minecraft:fern":6},"minecraft:killed":{"vampirism:vampire":3,"alexsmobs:raccoon":1,"minecraft:spider":1,"minecraft:skeleton":1,"minecraft:chicken":4,"minecraft:silverfish":1,"minecraft:drowned":1,"minecraft:pig":9,"enemyexpansion:sprinter":1,"minecraft:wandering_trader":1,"minecraft:sheep":2,"minecraft:trader_llama":2,"enemyexpansion:meature":3,"minecraft:zombie":5,"evilcraft:poisonous_libelle":1,"alexsmobs:crocodile":1,"iceandfire:ghost":2,"alexsmobs:fly":6,"enemyexpansion:slugger":1},"minecraft:broken":{"minecraft:wooden_shovel":1,"minecraft:wooden_pickaxe":1,"minecraft:stone_pickaxe":1,"justhammers:stone_hammer":1,"minecraft:stone_shovel":1},"minecraft:killed_by":{"minecraft:zombie_villager":1,"vampirism:advanced_vampire":1,"minecraft:player":5,"minecraft:zombie":1,"vampirism:vampire":1},"minecraft:dropped":{"minecraft:birch_planks":1,"biomesoplenty:pink_daffodil":1,"minecraft:cooked_porkchop":2,"minecraft:iron_helmet":1,"minecraft:cobblestone":12,"minecraft:item_frame":2,"minecraft:stick":2,"minecraft:dirt":1,"minecraft:diorite":5,"minecraft:stone_button":3,"tombstone:grave_key":5,"minecraft:snowball":20,"theoneprobe:probenote":8,"tombstone:grave_dust":3,"minecraft:iron_leggings":1,"minecraft:iron_axe":1,"rats:raw_rat":1,"minecraft:birch_log":10,"minecraft:bucket":1,"minecraft:white_wool":1,"iceandfire:dragonbone":1,"minecraft:gravel":3,"immersiveengineering:dust_aluminum":1,"alexsmobs:maggot":1,"minecraft:cobblestone_wall":11,"minecraft:rotten_flesh":3,"minecraft:oak_planks":1,"cyclic:flower_lime_carnation":2,"evilcraft:poison_sac":2,"patchouli:guide_book":2,"immersiveengineering:dust_copper":1,"minecraft:cobblestone_slab":1,"minecraft:spruce_trapdoor":3,"minecraft:andesite":14,"minecraft:melon_seeds":1,"apotheosis:gem":1,"minecraft:spruce_log":4,"minecraft:stone_brick_stairs":1},"minecraft:picked_up":{"minecraft:crafting_table":2,"minecraft:wheat":3,"minecraft:chicken":4,"minecraft:ladder":1,"minecraft:lead":2,"minecraft:oak_stairs":1,"minecraft:stone_brick_stairs":1,"tombstone:grave_key":2,"minecraft:string":1,"minecraft:raw_copper":2,"immersiveengineering:dust_aluminum":2,"evilcraft:poison_sac":2,"minecraft:item_frame":6,"minecraft:armor_stand":1,"minecraft:experience_bottle":1,"cyclic:flower_lime_carnation":2,"mysticalagriculture:inferium_essence":6,"minecraft:bucket":2,"minecraft:rose_bush":21,"minecraft:cobblestone_slab":1,"minecraft:sugar_cane":2,"minecraft:birch_sapling":24,"minecraft:spruce_trapdoor":3,"minecraft:furnace":6,"minecraft:egg":1,"iceandfire:dragonbone":4,"minecraft:tipped_arrow":1,"minecraft:stick":29,"minecraft:raw_iron":1,"apotheosis:gem":8,"immersiveengineering:dust_gold":1,"minecraft:torch":11,"iceandfire:silver_ore":1,"epicfight:skillbook":1,"minecraft:porkchop":16,"minecraft:stone_button":3,"minecraft:cookie":26,"minecraft:diorite":52,"tombstone:grave_dust":4,"vampirism:vampire_fang":1,"minecraft:carrot":6,"minecraft:dark_oak_planks":1,"enemyexpansion:meathead_helmet":1,"mekanism:raw_tin":16,"iceandfire:dragon_skull_ice":1,"minecraft:arrow":1,"minecraft:stone_sword":1,"minecraft:rotten_flesh":9,"minecraft:hay_block":3,"terraqueous:gravel_lump":1,"ae2:calculation_processor_press":1,"minecraft:mutton":2,"minecraft:snowball":700,"minecraft:rail":6,"minecraft:white_wool":1,"minecraft:cobblestone":386,"immersiveengineering:dust_copper":1,"minecraft:birch_log":65,"minecraft:air":0,"minecraft:feather":10,"vampirism:item_tent":1,"minecraft:andesite":121,"minecraft:leather":1,"biomesoplenty:fir_sapling":3,"minecraft:potato":75,"biomesoplenty:fir_log":13,"minecraft:birch_planks":8,"minecraft:cobblestone_wall":11,"rats:raw_rat":1,"minecraft:lapis_lazuli":11,"minecraft:dirt":89,"minecraft:lantern":1,"minecraft:bone":1,"minecraft:wheat_seeds":4,"vampirism:item_garlic":4,"minecraft:iron_ingot":2,"theoneprobe:probenote":3,"ae2:logic_processor_press":1,"biomesoplenty:magic_log":7,"tombstone:bag_of_seeds":1,"minecraft:iron_sword":1,"minecraft:oak_planks":1,"minecraft:dark_oak_stairs":1,"minecraft:book":10,"minecraft:milk_bucket":1,"minecraft:cooked_porkchop":3,"minecraft:sweet_berries":22,"minecraft:sand":16,"minecraft:poisonous_potato":1,"minecraft:red_wool":1,"minecraft:gravel":3,"minecraft:stripped_spruce_log":6,"minecraft:spruce_sapling":31,"minecraft:white_bed":4,"minecraft:spruce_log":89,"minecraft:trapped_chest":1,"immersiveengineering:seed":1,"minecraft:writable_book":1,"evilcraft:dark_gem":9,"minecraft:iron_helmet":1,"minecraft:granite":69,"minecraft:emerald":1,"alexsmobs:maggot":4,"biomesoplenty:pink_daffodil":1,"minecraft:black_wool":1,"vampirism:armor_of_swiftness_chest_ultimate":1,"minecraft:coal":13,"minecraft:ender_pearl":4},"minecraft:custom":{"minecraft:mob_kills":49,"minecraft:animals_bred":8,"minecraft:interact_with_crafting_table":53,"minecraft:damage_dealt_resisted":0,"minecraft:leave_game":3,"minecraft:time_since_death":121301,"minecraft:climb_one_cm":46988,"minecraft:damage_resisted":0,"minecraft:sprint_one_cm":1857040,"minecraft:walk_one_cm":2710413,"minecraft:drop":72,"minecraft:talked_to_villager":6,"minecraft:play_time":288368,"minecraft:deaths":12,"minecraft:sneak_time":9758,"minecraft:walk_under_water_one_cm":30478,"minecraft:interact_with_lectern":1,"tombstone:tomb_raiding":3,"minecraft:jump":2101,"minecraft:interact_with_blast_furnace":2,"minecraft:walk_on_water_one_cm":80013,"minecraft:total_world_time":288368,"minecraft:interact_with_furnace":67,"minecraft:interact_with_loom":1,"minecraft:interact_with_stonecutter":1,"minecraft:sleep_in_bed":11,"minecraft:time_since_rest":9129,"minecraft:waystone_activated":5,"minecraft:damage_taken":5745,"minecraft:trigger_trapped_chest":22,"minecraft:damage_dealt":7802,"minecraft:swim_one_cm":125020,"minecraft:fly_one_cm":336249,"minecraft:player_kills":6,"minecraft:open_chest":69,"minecraft:crouch_one_cm":56507,"tombstone:undead_killed":14,"tombstone:villager_killed":1,"minecraft:fall_one_cm":40167}},"DataVersion":3465}