{"stats":{"minecraft:custom":{"minecraft:time_since_rest":2986,"minecraft:sprint_one_cm":219991,"minecraft:damage_taken":1190,"minecraft:walk_one_cm":334511,"minecraft:mob_kills":9,"minecraft:drop":4,"minecraft:damage_dealt":1549,"minecraft:talked_to_villager":1,"minecraft:fly_one_cm":47712,"minecraft:crouch_one_cm":9517,"minecraft:play_time":38500,"tombstone:undead_killed":1,"minecraft:deaths":4,"minecraft:sneak_time":1118,"tombstone:villager_killed":1,"minecraft:jump":236,"minecraft:damage_dealt_resisted":0,"minecraft:time_since_death":3350,"minecraft:total_world_time":38500,"minecraft:damage_resisted":0,"minecraft:fall_one_cm":3586},"minecraft:crafted":{"minecraft:birch_planks":4},"minecraft:dropped":{"alexsmobs:maggot":1,"theoneprobe:probenote":1,"minecraft:bucket":1,"patchouli:guide_book":1},"minecraft:killed":{"minecraft:trader_llama":1,"vampirism:vampire":1,"minecraft:zombie":1,"alexsmobs:fly":4,"minecraft:wandering_trader":1},"minecraft:used":{"epicfight:skillbook":1,"minecraft:rose_bush":1,"minecraft:birch_sapling":1,"minecraft:iron_sword":28,"minecraft:rotten_flesh":4,"minecraft:dirt":1,"alexsmobs:animal_dictionary":5,"minecraft:milk_bucket":1},"minecraft:killed_by":{"vampirism:advanced_vampire":1,"minecraft:player":1,"vampirism:vampire":1},"minecraft:picked_up":{"minecraft:birch_log":1,"minecraft:stick":2,"minecraft:milk_bucket":1,"apotheosis:gem":1,"minecraft:leather":1,"minecraft:lead":2,"minecraft:torch":1,"epicfight:skillbook":1,"vampirism:vampire_fang":1,"minecraft:dirt":1,"minecraft:lantern":1,"minecraft:rotten_flesh":6,"mysticalagriculture:inferium_essence":2,"minecraft:bucket":1,"minecraft:iron_helmet":1,"minecraft:rose_bush":3,"alexsmobs:maggot":3,"minecraft:birch_sapling":3,"minecraft:iron_sword":1},"minecraft:mined":{"minecraft:birch_log":1,"minecraft:torch":1,"minecraft:grass":1,"minecraft:grass_block":1,"minecraft:rose_bush":1}},"DataVersion":3465}