{"stats":{"minecraft:custom":{"minecraft:jump":25,"minecraft:time_since_rest":2500,"minecraft:damage_dealt":26,"minecraft:crouch_one_cm":405,"minecraft:sprint_one_cm":813,"minecraft:play_time":2500,"minecraft:damage_taken":130,"minecraft:time_since_death":2500,"minecraft:walk_one_cm":20800,"minecraft:sneak_time":160,"minecraft:total_world_time":2500,"minecraft:fall_one_cm":627,"minecraft:fly_one_cm":1658},"minecraft:picked_up":{"minecraft:stick":2},"minecraft:mined":{"minecraft:grass":1}},"DataVersion":3465}