{"stats":{"minecraft:custom":{"minecraft:time_since_rest":14986,"minecraft:sprint_one_cm":261293,"minecraft:damage_taken":1198,"minecraft:walk_one_cm":523563,"minecraft:mob_kills":12,"minecraft:drop":4,"minecraft:damage_dealt":1979,"minecraft:talked_to_villager":1,"minecraft:player_kills":1,"minecraft:fly_one_cm":51311,"minecraft:open_chest":3,"minecraft:crouch_one_cm":9731,"minecraft:play_time":50500,"tombstone:undead_killed":1,"minecraft:deaths":4,"minecraft:sneak_time":1186,"tombstone:tomb_raiding":1,"tombstone:villager_killed":1,"minecraft:jump":325,"minecraft:damage_dealt_resisted":0,"minecraft:time_since_death":15350,"minecraft:total_world_time":50500,"minecraft:damage_resisted":0,"minecraft:fall_one_cm":6721},"minecraft:crafted":{"minecraft:birch_planks":4},"minecraft:dropped":{"alexsmobs:maggot":1,"theoneprobe:probenote":1,"minecraft:bucket":1,"patchouli:guide_book":1},"minecraft:killed":{"minecraft:trader_llama":2,"vampirism:vampire":1,"minecraft:zombie":1,"minecraft:chicken":1,"alexsmobs:fly":5,"minecraft:wandering_trader":1},"minecraft:used":{"epicfight:skillbook":1,"minecraft:rose_bush":1,"minecraft:armor_stand":1,"minecraft:birch_sapling":1,"minecraft:iron_sword":40,"minecraft:rotten_flesh":6,"minecraft:dirt":1,"alexsmobs:animal_dictionary":5,"minecraft:milk_bucket":1},"minecraft:killed_by":{"vampirism:advanced_vampire":1,"minecraft:player":1,"vampirism:vampire":1},"minecraft:picked_up":{"minecraft:birch_log":1,"minecraft:stick":2,"minecraft:feather":3,"minecraft:milk_bucket":1,"apotheosis:gem":1,"minecraft:chicken":1,"minecraft:leather":1,"minecraft:lead":2,"minecraft:torch":1,"epicfight:skillbook":1,"vampirism:vampire_fang":1,"minecraft:dirt":1,"minecraft:lantern":1,"minecraft:armor_stand":1,"minecraft:rotten_flesh":6,"mysticalagriculture:inferium_essence":2,"minecraft:bucket":1,"minecraft:iron_helmet":1,"minecraft:rose_bush":3,"alexsmobs:maggot":4,"minecraft:birch_sapling":3,"minecraft:iron_sword":1,"minecraft:egg":1},"minecraft:mined":{"minecraft:birch_log":1,"minecraft:torch":1,"minecraft:grass":2,"minecraft:grass_block":1,"minecraft:rose_bush":1}},"DataVersion":3465}