{"stats":{"minecraft:custom":{"minecraft:mob_kills":48,"minecraft:interact_with_crafting_table":8,"minecraft:damage_dealt_resisted":0,"minecraft:leave_game":2,"minecraft:time_since_death":10143,"minecraft:climb_one_cm":160,"minecraft:damage_resisted":0,"minecraft:sprint_one_cm":1120820,"minecraft:walk_one_cm":1593668,"minecraft:drop":57,"minecraft:talked_to_villager":4,"minecraft:play_time":177210,"minecraft:deaths":12,"minecraft:sneak_time":5493,"minecraft:walk_under_water_one_cm":27775,"tombstone:tomb_raiding":3,"minecraft:jump":1610,"minecraft:interact_with_blast_furnace":2,"minecraft:walk_on_water_one_cm":75672,"minecraft:total_world_time":177210,"minecraft:interact_with_furnace":41,"minecraft:interact_with_stonecutter":1,"minecraft:sleep_in_bed":4,"minecraft:time_since_rest":7744,"minecraft:waystone_activated":4,"minecraft:damage_taken":5361,"minecraft:trigger_trapped_chest":3,"minecraft:damage_dealt":7722,"minecraft:swim_one_cm":125020,"minecraft:fly_one_cm":247384,"minecraft:player_kills":6,"minecraft:open_chest":10,"minecraft:crouch_one_cm":34801,"tombstone:undead_killed":14,"tombstone:villager_killed":1,"minecraft:fall_one_cm":29071},"minecraft:crafted":{"minecraft:cooked_chicken":3,"minecraft:furnace":2,"minecraft:cooked_mutton":12,"minecraft:stone_pickaxe":1,"biomesoplenty:magic_planks":28,"minecraft:red_dye":40,"mekanism:ingot_tin":12,"minecraft:cooked_porkchop":14,"minecraft:crafting_table":1,"minecraft:wooden_pickaxe":1,"minecraft:birch_planks":44,"minecraft:air":0,"minecraft:stick":12,"minecraft:iron_ingot":1,"minecraft:stone_sword":1,"minecraft:torch":8},"minecraft:dropped":{"minecraft:birch_planks":1,"biomesoplenty:pink_daffodil":1,"minecraft:cooked_porkchop":2,"minecraft:cobblestone":12,"minecraft:iron_helmet":1,"minecraft:item_frame":2,"minecraft:stick":2,"minecraft:dirt":1,"minecraft:diorite":1,"tombstone:grave_key":5,"theoneprobe:probenote":7,"tombstone:grave_dust":3,"minecraft:iron_leggings":1,"minecraft:iron_axe":1,"minecraft:birch_log":10,"minecraft:bucket":1,"minecraft:white_wool":1,"immersiveengineering:dust_aluminum":1,"alexsmobs:maggot":1,"minecraft:cobblestone_wall":11,"minecraft:rotten_flesh":3,"cyclic:flower_lime_carnation":2,"evilcraft:poison_sac":2,"patchouli:guide_book":2,"immersiveengineering:dust_copper":1,"minecraft:cobblestone_slab":1,"minecraft:spruce_trapdoor":3,"minecraft:melon_seeds":1,"minecraft:stone_brick_stairs":1},"minecraft:killed":{"vampirism:vampire":3,"alexsmobs:raccoon":1,"minecraft:spider":1,"minecraft:skeleton":1,"minecraft:chicken":4,"minecraft:drowned":1,"minecraft:pig":9,"enemyexpansion:sprinter":1,"minecraft:wandering_trader":1,"minecraft:sheep":2,"minecraft:trader_llama":2,"enemyexpansion:meature":3,"alexsmobs:crocodile":1,"minecraft:zombie":5,"evilcraft:poisonous_libelle":1,"iceandfire:ghost":2,"alexsmobs:fly":6,"enemyexpansion:slugger":1},"minecraft:used":{"minecraft:rose_bush":1,"minecraft:stone_sword":176,"minecraft:armor_stand":1,"minecraft:iron_sword":40,"minecraft:cooked_chicken":3,"minecraft:rotten_flesh":6,"minecraft:iron_chestplate":1,"minecraft:torch":5,"minecraft:dirt":9,"minecraft:milk_bucket":1,"vampirism:item_tent":1,"minecraft:iron_axe":32,"minecraft:birch_sapling":1,"evilcraft:flesh_humanoid":1,"minecraft:sweet_berries":35,"minecraft:furnace":6,"tombstone:gift":7,"minecraft:cooked_mutton":10,"epicfight:skillbook":1,"minecraft:birch_planks":1,"minecraft:stone_pickaxe":114,"minecraft:wooden_pickaxe":59,"minecraft:crafting_table":2,"minecraft:white_bed":1,"tombstone:bag_of_seeds":1,"minecraft:apple":6,"tombstone:grave_key":1,"minecraft:cobblestone":27,"minecraft:cooked_porkchop":15,"alexsmobs:animal_dictionary":7},"minecraft:killed_by":{"minecraft:zombie_villager":1,"vampirism:advanced_vampire":1,"minecraft:player":5,"minecraft:zombie":1,"vampirism:vampire":1},"minecraft:picked_up":{"minecraft:crafting_table":2,"minecraft:chicken":4,"minecraft:lead":2,"minecraft:stone_brick_stairs":1,"tombstone:grave_key":2,"minecraft:raw_copper":2,"immersiveengineering:dust_aluminum":2,"evilcraft:poison_sac":2,"minecraft:item_frame":2,"minecraft:armor_stand":1,"cyclic:flower_lime_carnation":2,"mysticalagriculture:inferium_essence":6,"minecraft:bucket":1,"minecraft:rose_bush":21,"minecraft:cobblestone_slab":1,"minecraft:sugar_cane":2,"minecraft:birch_sapling":3,"minecraft:spruce_trapdoor":3,"minecraft:egg":1,"minecraft:furnace":5,"minecraft:stick":2,"minecraft:raw_iron":1,"apotheosis:gem":7,"minecraft:torch":6,"epicfight:skillbook":1,"minecraft:porkchop":16,"vampirism:vampire_fang":1,"tombstone:grave_dust":4,"minecraft:diorite":1,"enemyexpansion:meathead_helmet":1,"mekanism:raw_tin":12,"minecraft:stone_sword":1,"minecraft:rotten_flesh":9,"ae2:calculation_processor_press":1,"minecraft:mutton":2,"minecraft:white_wool":1,"minecraft:cobblestone":124,"immersiveengineering:dust_copper":1,"minecraft:birch_log":1,"minecraft:air":0,"minecraft:feather":10,"vampirism:item_tent":1,"minecraft:leather":1,"minecraft:birch_planks":8,"minecraft:cobblestone_wall":11,"minecraft:dirt":26,"minecraft:lantern":1,"minecraft:wheat_seeds":4,"minecraft:iron_ingot":2,"theoneprobe:probenote":3,"ae2:logic_processor_press":1,"biomesoplenty:magic_log":7,"tombstone:bag_of_seeds":1,"minecraft:iron_sword":1,"minecraft:book":9,"minecraft:milk_bucket":1,"minecraft:cooked_porkchop":3,"minecraft:sweet_berries":22,"minecraft:white_bed":2,"minecraft:trapped_chest":1,"immersiveengineering:seed":1,"minecraft:iron_helmet":1,"alexsmobs:maggot":4,"biomesoplenty:pink_daffodil":1,"minecraft:coal":13},"minecraft:mined":{"ae2:chipped_budding_quartz":1,"minecraft:white_bed":2,"minecraft:grass_block":15,"minecraft:spruce_leaves":1,"biomesoplenty:dead_grass":3,"minecraft:tall_seagrass":1,"minecraft:furnace":5,"minecraft:iron_ore":1,"ae2:damaged_budding_quartz":1,"ae2:mysterious_cube":1,"biomesoplenty:magic_log":7,"minecraft:bookshelf":2,"biomesoplenty:high_grass":1,"minecraft:cobblestone_slab":1,"minecraft:stone":123,"ae2:large_quartz_bud":1,"cyclic:flower_lime_carnation":2,"terraqueous:doodad_stone":3,"vampirism:tent_main":1,"minecraft:powder_snow":12,"minecraft:crafting_table":1,"minecraft:torch":4,"minecraft:rose_bush":19,"mekanism:tin_ore":12,"biomesoplenty:high_grass_plant":1,"minecraft:tall_grass":3,"minecraft:copper_ore":1,"minecraft:cobblestone":4,"biomesoplenty:sprout":21,"minecraft:diorite":1,"minecraft:wall_torch":1,"ae2:flawless_budding_quartz":1,"ae2:medium_quartz_bud":1,"minecraft:birch_log":1,"minecraft:sweet_berry_bush":9,"biomesoplenty:pink_daffodil":1,"minecraft:grass":26,"ae2:quartz_block":1,"biomesoplenty:clover":8,"minecraft:coal_ore":13,"evilcraft:blood_stain":1,"minecraft:dirt":15,"minecraft:fern":3},"minecraft:broken":{"minecraft:wooden_pickaxe":1}},"DataVersion":3465}