{"stats":{"minecraft:custom":{"minecraft:interact_with_furnace":22,"minecraft:mob_kills":37,"minecraft:interact_with_crafting_table":6,"minecraft:interact_with_stonecutter":1,"minecraft:damage_dealt_resisted":0,"minecraft:leave_game":2,"minecraft:time_since_death":45984,"minecraft:sleep_in_bed":1,"minecraft:climb_one_cm":160,"minecraft:damage_resisted":0,"minecraft:time_since_rest":3333,"minecraft:waystone_activated":4,"minecraft:sprint_one_cm":685214,"minecraft:damage_taken":4243,"minecraft:walk_one_cm":1262991,"minecraft:trigger_trapped_chest":1,"minecraft:drop":26,"minecraft:damage_dealt":6132,"minecraft:swim_one_cm":27108,"minecraft:talked_to_villager":3,"minecraft:fly_one_cm":156155,"minecraft:player_kills":6,"minecraft:open_chest":6,"minecraft:crouch_one_cm":26878,"minecraft:play_time":129210,"tombstone:undead_killed":11,"minecraft:deaths":11,"minecraft:sneak_time":4059,"minecraft:walk_under_water_one_cm":18009,"tombstone:tomb_raiding":3,"tombstone:villager_killed":1,"minecraft:jump":1006,"minecraft:interact_with_blast_furnace":2,"minecraft:walk_on_water_one_cm":37402,"minecraft:total_world_time":129210,"minecraft:fall_one_cm":21869},"minecraft:killed":{"vampirism:vampire":2,"minecraft:pig":6,"minecraft:spider":1,"enemyexpansion:sprinter":1,"minecraft:wandering_trader":1,"minecraft:trader_llama":2,"enemyexpansion:meature":3,"iceandfire:ghost":2,"evilcraft:poisonous_libelle":1,"minecraft:zombie":4,"minecraft:chicken":4,"alexsmobs:fly":6,"enemyexpansion:slugger":1},"minecraft:crafted":{"mekanism:ingot_tin":12,"minecraft:red_dye":40,"minecraft:cooked_porkchop":8,"minecraft:crafting_table":1,"minecraft:wooden_pickaxe":1,"minecraft:cooked_chicken":3,"minecraft:furnace":2,"minecraft:birch_planks":44,"minecraft:air":0,"minecraft:stick":8,"minecraft:iron_ingot":1,"minecraft:stone_sword":1,"minecraft:stone_pickaxe":1,"biomesoplenty:magic_planks":28},"minecraft:dropped":{"immersiveengineering:dust_aluminum":1,"alexsmobs:maggot":1,"minecraft:rotten_flesh":1,"evilcraft:poison_sac":2,"patchouli:guide_book":2,"immersiveengineering:dust_copper":1,"tombstone:grave_key":5,"theoneprobe:probenote":7,"tombstone:grave_dust":3,"minecraft:iron_axe":1,"minecraft:birch_log":10,"minecraft:bucket":1},"minecraft:used":{"epicfight:skillbook":1,"minecraft:stone_sword":123,"minecraft:rose_bush":1,"minecraft:birch_planks":1,"minecraft:armor_stand":1,"minecraft:stone_pickaxe":98,"minecraft:wooden_pickaxe":59,"minecraft:iron_sword":40,"minecraft:cooked_chicken":3,"minecraft:rotten_flesh":6,"minecraft:iron_chestplate":1,"minecraft:torch":5,"minecraft:dirt":1,"minecraft:crafting_table":1,"minecraft:milk_bucket":1,"tombstone:bag_of_seeds":1,"minecraft:apple":2,"minecraft:iron_axe":30,"minecraft:birch_sapling":1,"tombstone:grave_key":1,"evilcraft:flesh_humanoid":1,"minecraft:cobblestone":19,"minecraft:sweet_berries":32,"minecraft:cooked_porkchop":8,"minecraft:furnace":4,"tombstone:gift":5,"alexsmobs:animal_dictionary":6},"minecraft:killed_by":{"vampirism:advanced_vampire":1,"minecraft:player":5,"minecraft:zombie":1,"vampirism:vampire":1},"minecraft:picked_up":{"immersiveengineering:dust_copper":1,"minecraft:birch_log":1,"minecraft:crafting_table":1,"minecraft:feather":10,"minecraft:air":0,"minecraft:chicken":4,"minecraft:leather":1,"minecraft:lead":2,"minecraft:birch_planks":8,"tombstone:grave_key":2,"minecraft:dirt":17,"minecraft:lantern":1,"minecraft:raw_copper":2,"immersiveengineering:dust_aluminum":2,"evilcraft:poison_sac":2,"minecraft:armor_stand":1,"cyclic:flower_lime_carnation":2,"minecraft:wheat_seeds":3,"mysticalagriculture:inferium_essence":6,"biomesoplenty:magic_log":7,"minecraft:bucket":1,"theoneprobe:probenote":3,"minecraft:rose_bush":21,"minecraft:cobblestone_slab":1,"tombstone:bag_of_seeds":1,"minecraft:birch_sapling":3,"minecraft:iron_sword":1,"minecraft:furnace":3,"minecraft:egg":1,"minecraft:stick":2,"minecraft:raw_iron":1,"minecraft:milk_bucket":1,"apotheosis:gem":2,"minecraft:sweet_berries":22,"minecraft:torch":6,"epicfight:skillbook":1,"minecraft:porkchop":11,"minecraft:diorite":1,"tombstone:grave_dust":3,"vampirism:vampire_fang":1,"minecraft:stone_sword":1,"enemyexpansion:meathead_helmet":1,"mekanism:raw_tin":12,"minecraft:rotten_flesh":9,"immersiveengineering:seed":1,"minecraft:iron_helmet":1,"alexsmobs:maggot":4,"biomesoplenty:pink_daffodil":1,"minecraft:coal":11,"minecraft:cobblestone":121},"minecraft:mined":{"cyclic:flower_lime_carnation":2,"terraqueous:doodad_stone":2,"minecraft:torch":4,"minecraft:grass_block":9,"minecraft:rose_bush":19,"mekanism:tin_ore":12,"biomesoplenty:sprout":21,"biomesoplenty:high_grass_plant":1,"minecraft:cobblestone":3,"minecraft:copper_ore":1,"minecraft:tall_grass":1,"minecraft:diorite":1,"minecraft:wall_torch":1,"minecraft:furnace":3,"minecraft:iron_ore":1,"minecraft:birch_log":1,"minecraft:sweet_berry_bush":9,"biomesoplenty:pink_daffodil":1,"biomesoplenty:magic_log":7,"minecraft:grass":19,"biomesoplenty:clover":8,"minecraft:cobblestone_slab":1,"minecraft:coal_ore":11,"biomesoplenty:high_grass":1,"evilcraft:blood_stain":1,"minecraft:dirt":12,"minecraft:stone":121,"minecraft:fern":1},"minecraft:broken":{"minecraft:wooden_pickaxe":1}},"DataVersion":3465}