{"stats":{"minecraft:custom":{"minecraft:interact_with_furnace":16,"minecraft:mob_kills":23,"minecraft:interact_with_crafting_table":5,"minecraft:damage_dealt_resisted":0,"minecraft:leave_game":2,"minecraft:time_since_death":15984,"minecraft:damage_resisted":0,"minecraft:time_since_rest":15844,"minecraft:waystone_activated":4,"minecraft:sprint_one_cm":472330,"minecraft:damage_taken":3197,"minecraft:walk_one_cm":1014553,"minecraft:drop":26,"minecraft:damage_dealt":3368,"minecraft:swim_one_cm":2339,"minecraft:talked_to_villager":2,"minecraft:fly_one_cm":107608,"minecraft:player_kills":4,"minecraft:open_chest":5,"minecraft:crouch_one_cm":23179,"minecraft:play_time":99210,"tombstone:undead_killed":2,"minecraft:deaths":11,"minecraft:sneak_time":3037,"minecraft:walk_under_water_one_cm":963,"tombstone:tomb_raiding":3,"tombstone:villager_killed":1,"minecraft:jump":692,"minecraft:walk_on_water_one_cm":8519,"minecraft:total_world_time":99210,"minecraft:fall_one_cm":19802},"minecraft:killed":{"vampirism:vampire":1,"minecraft:pig":4,"minecraft:wandering_trader":1,"minecraft:trader_llama":2,"evilcraft:poisonous_libelle":1,"minecraft:zombie":1,"minecraft:chicken":4,"alexsmobs:fly":6,"enemyexpansion:slugger":1},"minecraft:crafted":{"mekanism:ingot_tin":2,"minecraft:red_dye":40,"minecraft:cooked_porkchop":8,"minecraft:crafting_table":1,"minecraft:wooden_pickaxe":1,"minecraft:cooked_chicken":3,"minecraft:furnace":2,"minecraft:birch_planks":44,"minecraft:air":0,"minecraft:stick":8,"minecraft:iron_ingot":1,"minecraft:stone_sword":1,"minecraft:stone_pickaxe":1},"minecraft:dropped":{"immersiveengineering:dust_aluminum":1,"alexsmobs:maggot":1,"minecraft:rotten_flesh":1,"evilcraft:poison_sac":2,"patchouli:guide_book":2,"immersiveengineering:dust_copper":1,"tombstone:grave_key":5,"theoneprobe:probenote":7,"tombstone:grave_dust":3,"minecraft:iron_axe":1,"minecraft:birch_log":10,"minecraft:bucket":1},"minecraft:used":{"epicfight:skillbook":1,"minecraft:rose_bush":1,"minecraft:birch_planks":1,"minecraft:armor_stand":1,"minecraft:stone_pickaxe":56,"minecraft:wooden_pickaxe":59,"minecraft:iron_sword":40,"minecraft:rotten_flesh":6,"minecraft:iron_chestplate":1,"minecraft:dirt":1,"minecraft:crafting_table":1,"minecraft:milk_bucket":1,"tombstone:bag_of_seeds":1,"minecraft:iron_axe":14,"minecraft:birch_sapling":1,"tombstone:grave_key":1,"evilcraft:flesh_humanoid":1,"minecraft:cooked_porkchop":2,"minecraft:furnace":3,"tombstone:gift":5,"alexsmobs:animal_dictionary":6},"minecraft:killed_by":{"vampirism:advanced_vampire":1,"minecraft:player":5,"minecraft:zombie":1,"vampirism:vampire":1},"minecraft:picked_up":{"immersiveengineering:dust_copper":1,"minecraft:birch_log":1,"minecraft:feather":10,"minecraft:air":0,"minecraft:chicken":4,"minecraft:leather":1,"minecraft:lead":2,"tombstone:grave_key":2,"minecraft:dirt":16,"minecraft:lantern":1,"immersiveengineering:dust_aluminum":2,"evilcraft:poison_sac":2,"minecraft:armor_stand":1,"mysticalagriculture:inferium_essence":3,"minecraft:bucket":1,"theoneprobe:probenote":3,"minecraft:rose_bush":21,"tombstone:bag_of_seeds":1,"minecraft:birch_sapling":3,"minecraft:iron_sword":1,"minecraft:furnace":1,"minecraft:egg":1,"minecraft:stick":2,"minecraft:raw_iron":1,"minecraft:milk_bucket":1,"apotheosis:gem":1,"minecraft:torch":1,"epicfight:skillbook":1,"minecraft:porkchop":7,"minecraft:diorite":1,"tombstone:grave_dust":1,"vampirism:vampire_fang":1,"mekanism:raw_tin":2,"minecraft:rotten_flesh":7,"immersiveengineering:seed":1,"minecraft:iron_helmet":1,"alexsmobs:maggot":4,"biomesoplenty:pink_daffodil":1,"minecraft:cobblestone":101},"minecraft:mined":{"terraqueous:doodad_stone":2,"minecraft:torch":1,"minecraft:grass_block":7,"minecraft:rose_bush":19,"mekanism:tin_ore":2,"biomesoplenty:high_grass_plant":1,"minecraft:tall_grass":1,"minecraft:diorite":1,"minecraft:furnace":1,"minecraft:iron_ore":1,"minecraft:birch_log":1,"biomesoplenty:pink_daffodil":1,"minecraft:grass":9,"biomesoplenty:high_grass":1,"evilcraft:blood_stain":1,"minecraft:dirt":12,"minecraft:stone":107},"minecraft:broken":{"minecraft:wooden_pickaxe":1}},"DataVersion":3465}