{"stats":{"minecraft:crafted":{"minecraft:cooked_chicken":3,"minecraft:stone":34,"minecraft:cooked_mutton":12,"minecraft:iron_bars":16,"minecraft:glass":46,"minecraft:chest":9,"minecraft:stone_hoe":1,"mekanism:ingot_tin":12,"minecraft:wooden_shovel":1,"travelersbackpack:iron_tier_upgrade":1,"minecraft:cooked_porkchop":14,"minecraft:crafting_table":4,"minecraft:spruce_planks":272,"travelersbackpack:standard":1,"minecraft:wooden_pickaxe":2,"minecraft:baked_potato":118,"minecraft:spruce_door":3,"minecraft:smithing_table":1,"minecraft:birch_planks":44,"minecraft:charcoal":86,"minecraft:stick":104,"minecraft:iron_ingot":1,"minecraft:iron_pickaxe":1,"minecraft:stone_sword":1,"minecraft:snow_block":100,"onlyhammers:stone_hammer":1,"securitycraft:sc_manual":1,"minecraft:stone_shovel":1,"minecraft:spruce_button":28,"minecraft:furnace":7,"travelersbackpack:blank_upgrade":4,"minecraft:ladder":30,"minecraft:stone_pickaxe":2,"biomesoplenty:magic_planks":28,"minecraft:wheat":27,"minecraft:red_dye":40,"minecraft:cooked_cod":8,"biomesoplenty:redwood_planks":64,"travelersbackpack:backpack_tank":4,"travelersbackpack:black_sleeping_bag":1,"minecraft:stone_axe":1,"minecraft:bread":3,"minecraft:air":0,"terraqueous:mango_planks":40,"justhammers:stone_hammer":1,"minecraft:iron_shovel":1,"minecraft:white_bed":1,"minecraft:acacia_planks":64,"minecraft:torch":44},"minecraft:used":{"minecraft:iron_shovel":103,"minecraft:ladder":26,"minecraft:chest":6,"minecraft:stone":31,"minecraft:iron_sword":214,"minecraft:rotten_flesh":6,"minecraft:iron_chestplate":1,"minecraft:nether_bricks":1,"minecraft:carrot":34,"minecraft:acacia_sapling":24,"minecraft:snowball":17,"minecraft:stripped_spruce_log":2,"minecraft:milk_bucket":1,"minecraft:obsidian":8,"vampirism:item_tent":1,"minecraft:lava_bucket":2,"minecraft:red_wool":1,"minecraft:birch_sapling":1,"minecraft:sweet_berries":35,"minecraft:furnace":13,"minecraft:cooked_cod":8,"vampirism:armor_of_swiftness_chest_ultimate":1,"minecraft:potato":57,"epicfight:skillbook":1,"minecraft:spruce_door":1,"minecraft:stone_pickaxe":253,"minecraft:wooden_pickaxe":60,"minecraft:cookie":39,"minecraft:white_wool":2,"minecraft:sand":1,"onlyhammers:stone_hammer":37,"minecraft:bread":15,"tombstone:grave_key":1,"minecraft:smithing_table":1,"minecraft:andesite":55,"minecraft:experience_bottle":1,"minecraft:rose_bush":1,"minecraft:stone_sword":176,"minecraft:armor_stand":1,"securitycraft:keypad_chest":1,"minecraft:stone_shovel":131,"biomesoplenty:redwood_planks":64,"minecraft:spruce_planks":4,"minecraft:wooden_shovel":59,"minecraft:cooked_chicken":3,"minecraft:stone_hoe":22,"minecraft:torch":31,"minecraft:dirt":69,"minecraft:granite":17,"minecraft:iron_axe":262,"evilcraft:flesh_humanoid":1,"minecraft:basalt":2,"tombstone:gift":7,"minecraft:trapped_chest":1,"minecraft:acacia_planks":38,"minecraft:cooked_mutton":10,"minecraft:water_bucket":54,"minecraft:snow_block":98,"minecraft:birch_planks":1,"minecraft:baked_potato":57,"biomesoplenty:redwood_sapling":4,"vampirism:item_garlic":1,"terraqueous:mango_planks":36,"minecraft:crafting_table":6,"minecraft:white_bed":4,"minecraft:spruce_log":3,"tombstone:bag_of_seeds":1,"minecraft:apple":8,"minecraft:iron_pickaxe":134,"minecraft:spruce_sapling":10,"justhammers:stone_hammer":99,"minecraft:stone_axe":74,"minecraft:cobblestone":119,"travelersbackpack:standard":9,"minecraft:cooked_porkchop":15,"minecraft:bucket":57,"alexsmobs:animal_dictionary":8},"minecraft:mined":{"minecraft:spruce_planks":8,"minecraft:white_bed":4,"minecraft:brewing_stand":1,"minecraft:granite":44,"minecraft:acacia_log":17,"minecraft:grass_block":34,"minecraft:infested_cobblestone":1,"minecraft:nether_wart":10,"biomesoplenty:bramble_leaves":1,"minecraft:tall_seagrass":1,"minecraft:iron_ore":2,"minecraft:fire":10,"biomesoplenty:lavender":1,"minecraft:anvil":1,"minecraft:dirt_path":31,"minecraft:oak_stairs":1,"minecraft:iron_bars":7,"minecraft:purple_carpet":1,"minecraft:spruce_slab":1,"ae2:large_quartz_bud":1,"minecraft:orange_bed":1,"cyclic:flower_lime_carnation":2,"minecraft:blackstone":4,"minecraft:powder_snow":38,"iceandfire:dragon_ice_spikes":2,"minecraft:torch":10,"minecraft:blast_furnace":1,"mekanism:tin_ore":16,"minecraft:cobblestone":32,"minecraft:oak_planks":1,"minecraft:wall_torch":5,"minecraft:birch_log":65,"minecraft:wheat":14,"minecraft:blue_ice":9,"minecraft:tnt":1,"biomesoplenty:fir_log":13,"minecraft:grass":38,"ae2:quartz_block":1,"biomesoplenty:clover":8,"minecraft:sand":57,"minecraft:dirt":86,"minecraft:netherrack":3,"minecraft:oak_leaves":2,"immersiveengineering:workbench":1,"terraqueous:mango_log":10,"ae2:chipped_budding_quartz":1,"minecraft:ladder":4,"biomesoplenty:bush":1,"minecraft:stone_button":1,"iceandfire:frozen_grass":1,"minecraft:redstone_wire":23,"minecraft:spruce_leaves":15,"biomesoplenty:dead_grass":3,"minecraft:hay_block":3,"travelersbackpack:bat":1,"minecraft:furnace":6,"minecraft:carrots":14,"minecraft:snow":6,"ae2:damaged_budding_quartz":1,"minecraft:andesite":7,"minecraft:stripped_spruce_log":6,"evilcraft:dark_ore":2,"ae2:mysterious_cube":1,"biomesoplenty:magic_log":7,"biomesoplenty:sea_oats":2,"minecraft:bookshelf":3,"minecraft:potatoes":60,"biomesoplenty:high_grass":1,"minecraft:cobblestone_slab":1,"minecraft:lantern":1,"minecraft:stripped_acacia_log":1,"minecraft:stone":216,"minecraft:scaffolding":7,"terraqueous:doodad_stone":4,"minecraft:redstone_block":1,"minecraft:glass_pane":2,"minecraft:red_wool":2,"minecraft:comparator":2,"minecraft:snow_block":180,"minecraft:basalt":18,"vampirism:tent_main":1,"travelersbackpack:standard":2,"minecraft:oak_fence":3,"minecraft:crafting_table":1,"minecraft:rose_bush":19,"biomesoplenty:high_grass_plant":1,"minecraft:copper_ore":1,"minecraft:tall_grass":5,"biomesoplenty:sprout":22,"minecraft:lapis_ore":5,"minecraft:diorite":24,"minecraft:birch_planks":1,"ae2:flawless_budding_quartz":1,"ae2:medium_quartz_bud":1,"biomesoplenty:pink_daffodil":1,"minecraft:sweet_berry_bush":9,"minecraft:ice":26,"minecraft:spruce_log":85,"minecraft:black_wool":2,"vampirism:garlic":1,"minecraft:coal_ore":37,"evilcraft:blood_stain":1,"biomesoplenty:fir_leaves":3,"biomesoplenty:redwood_leaves":30,"minecraft:gravel":5,"minecraft:cobweb":31,"minecraft:chipped_anvil":1,"biomesoplenty:redwood_wood":16,"terraqueous:coconut_log":1,"minecraft:fern":18},"minecraft:killed":{"vampirism:vampire":3,"minecraft:spider":1,"minecraft:skeleton":1,"minecraft:chicken":4,"minecraft:silverfish":1,"minecraft:magma_cube":5,"minecraft:pig":20,"minecraft:creeper":1,"minecraft:sheep":9,"minecraft:trader_llama":2,"minecraft:pillager":1,"enemyexpansion:meature":5,"minecraft:zombie":6,"alexsmobs:fly":6,"minecraft:cow":10,"minecraft:blaze":1,"alexsmobs:raccoon":1,"alexsmobs:bison":1,"minecraft:drowned":1,"enemyexpansion:sprinter":1,"minecraft:wandering_trader":1,"evilcraft:poisonous_libelle":1,"alexsmobs:crocodile":1,"iceandfire:ghost":5,"minecraft:wither_skeleton":3,"enemyexpansion:slugger":1},"minecraft:broken":{"minecraft:wooden_shovel":1,"minecraft:stone_pickaxe":1,"justhammers:stone_hammer":1,"minecraft:stone_shovel":1,"minecraft:wooden_pickaxe":1,"minecraft:iron_axe":1},"minecraft:killed_by":{"minecraft:zombie_villager":1,"vampirism:advanced_vampire":1,"minecraft:zombie":1,"vampirism:vampire":1,"minecraft:player":5},"minecraft:dropped":{"minecraft:birch_planks":1,"biomesoplenty:pink_daffodil":1,"minecraft:cooked_porkchop":2,"minecraft:red_wool":1,"minecraft:item_frame":2,"minecraft:dirt":12,"minecraft:stone_button":3,"minecraft:mutton":3,"minecraft:snowball":52,"theoneprobe:probenote":10,"minecraft:birch_log":10,"minecraft:white_wool":1,"minecraft:gold_ingot":2,"minecraft:gravel":3,"minecraft:wheat":25,"minecraft:rotten_flesh":3,"minecraft:oak_planks":1,"travelersbackpack:bat":1,"cyclic:flower_lime_carnation":2,"evilcraft:poison_sac":2,"patchouli:guide_book":2,"immersiveengineering:dust_copper":1,"mysticalagriculture:inferium_essence":4,"minecraft:melon_seeds":1,"apotheosis:gem":5,"minecraft:spruce_slab":1,"minecraft:iron_bars":15,"minecraft:stone_brick_stairs":1,"minecraft:wheat_seeds":23,"evilcraft:condensed_blood":1,"minecraft:iron_helmet":1,"minecraft:cobblestone":12,"minecraft:stick":20,"minecraft:diorite":5,"tombstone:grave_key":5,"travelersbackpack:blank_upgrade":8,"tombstone:grave_dust":3,"minecraft:iron_leggings":3,"minecraft:iron_axe":1,"rats:raw_rat":1,"minecraft:bucket":2,"minecraft:redstone_block":1,"iceandfire:dragonbone":1,"immersiveengineering:dust_aluminum":1,"alexsmobs:maggot":1,"alexsmobs:acacia_blossom":7,"minecraft:cobblestone_wall":11,"minecraft:spruce_fence":1,"minecraft:cobblestone_slab":1,"minecraft:flower_pot":2,"minecraft:spruce_trapdoor":3,"minecraft:andesite":14,"minecraft:oak_sapling":2,"minecraft:spruce_log":4,"minecraft:black_wool":1},"minecraft:picked_up":{"minecraft:wheat":22,"travelersbackpack:bat":1,"minecraft:redstone_block":2,"minecraft:flower_pot":2,"minecraft:anvil":1,"minecraft:lead":2,"minecraft:oak_stairs":1,"minecraft:stone_brick_stairs":2,"tombstone:grave_key":2,"minecraft:string":32,"minecraft:raw_copper":2,"immersiveengineering:dust_aluminum":2,"minecraft:iron_leggings":1,"minecraft:armor_stand":1,"minecraft:experience_bottle":1,"mysticalagriculture:inferium_essence":13,"minecraft:comparator":2,"minecraft:bucket":3,"minecraft:spruce_planks":8,"minecraft:rose_bush":21,"minecraft:cobblestone_slab":1,"biomesoplenty:redwood_wood":16,"minecraft:furnace":6,"minecraft:tipped_arrow":1,"minecraft:stick":41,"apotheosis:gem":12,"terraqueous:pear":1,"minecraft:torch":18,"minecraft:acacia_log":16,"iceandfire:silver_ore":1,"epicfight:skillbook":1,"minecraft:porkchop":32,"vampirism:vampire_fang":1,"tombstone:grave_dust":4,"minecraft:diorite":52,"enemyexpansion:meathead_helmet":1,"mekanism:raw_tin":16,"minecraft:orange_bed":1,"minecraft:stone_sword":1,"minecraft:rotten_flesh":9,"terraqueous:gravel_lump":1,"evilcraft:condensed_blood":1,"minecraft:blaze_rod":1,"minecraft:iron_bars":15,"minecraft:snowball":718,"minecraft:cobblestone":412,"biomesoplenty:lavender":1,"minecraft:birch_log":65,"minecraft:feather":11,"minecraft:andesite":170,"minecraft:potato":162,"biomesoplenty:fir_sapling":3,"biomesoplenty:fir_log":13,"minecraft:wither_skeleton_skull":1,"rats:raw_rat":1,"minecraft:lapis_lazuli":11,"minecraft:dirt":101,"minecraft:lantern":2,"minecraft:bone":4,"minecraft:bow":1,"minecraft:wheat_seeds":49,"vampirism:item_garlic":4,"theoneprobe:probenote":4,"ae2:logic_processor_press":1,"minecraft:oak_planks":1,"minecraft:cooked_porkchop":3,"minecraft:poisonous_potato":2,"minecraft:sand":56,"minecraft:stripped_spruce_log":6,"minecraft:trapped_chest":1,"minecraft:stripped_acacia_log":1,"minecraft:writable_book":1,"minecraft:granite":112,"minecraft:emerald":1,"alexsmobs:maggot":4,"biomesoplenty:pink_daffodil":1,"minecraft:oak_sapling":2,"minecraft:netherrack":4,"iceandfire:silver_nugget":4,"minecraft:crafting_table":2,"minecraft:nether_wart":21,"iceandfire:witherbone":2,"minecraft:chicken":4,"minecraft:ladder":3,"evilcraft:poison_sac":2,"minecraft:item_frame":6,"minecraft:blackstone":3,"cyclic:flower_lime_carnation":2,"terraqueous:coconut_log":1,"terraqueous:mango_log":10,"minecraft:beef":14,"immersiveengineering:workbench":1,"minecraft:spruce_slab":1,"minecraft:sugar_cane":2,"minecraft:birch_sapling":24,"minecraft:spruce_trapdoor":3,"minecraft:egg":2,"minecraft:raw_iron":2,"iceandfire:dragonbone":4,"immersiveengineering:dust_gold":1,"minecraft:spruce_fence":1,"minecraft:stone_button":3,"minecraft:cookie":26,"minecraft:carrot":41,"minecraft:redstone":23,"minecraft:dark_oak_planks":1,"iceandfire:dragon_skull_ice":1,"minecraft:arrow":1,"minecraft:nether_bricks":1,"minecraft:hay_block":3,"ae2:calculation_processor_press":1,"minecraft:gold_ingot":1,"biomesoplenty:redwood_sapling":4,"terraqueous:orange":1,"minecraft:mutton":7,"minecraft:white_wool":7,"minecraft:rail":6,"immersiveengineering:dust_copper":1,"minecraft:air":0,"minecraft:basalt":18,"vampirism:item_tent":1,"alexsmobs:acacia_blossom":7,"minecraft:leather":14,"minecraft:red_mushroom":1,"minecraft:birch_planks":8,"minecraft:cobblestone_wall":11,"minecraft:apple":1,"minecraft:iron_ingot":3,"biomesoplenty:magic_log":7,"tombstone:bag_of_seeds":1,"travelersbackpack:blank_upgrade":8,"minecraft:iron_sword":1,"minecraft:acacia_sapling":8,"minecraft:dark_oak_stairs":1,"minecraft:book":13,"minecraft:scaffolding":9,"minecraft:milk_bucket":1,"minecraft:sweet_berries":22,"minecraft:red_wool":2,"minecraft:gravel":3,"minecraft:spruce_sapling":31,"minecraft:blast_furnace":1,"minecraft:white_bed":4,"minecraft:spruce_log":89,"travelersbackpack:standard":2,"immersiveengineering:seed":1,"minecraft:iron_helmet":1,"evilcraft:dark_gem":9,"minecraft:black_wool":3,"vampirism:armor_of_swiftness_chest_ultimate":1,"minecraft:coal":37,"minecraft:ender_pearl":4},"minecraft:custom":{"minecraft:animals_bred":8,"minecraft:interact_with_crafting_table":94,"minecraft:eat_cake_slice":1,"minecraft:leave_game":9,"minecraft:time_since_death":15733,"minecraft:damage_resisted":0,"minecraft:sprint_one_cm":3290980,"minecraft:drop":111,"minecraft:talked_to_villager":13,"minecraft:play_time":493521,"minecraft:deaths":13,"tombstone:tomb_raiding":3,"minecraft:jump":2846,"minecraft:walk_on_water_one_cm":102851,"minecraft:interact_with_furnace":96,"minecraft:interact_with_loom":1,"minecraft:sleep_in_bed":16,"minecraft:waystone_activated":8,"minecraft:damage_dealt":13075,"minecraft:player_kills":7,"minecraft:crouch_one_cm":97382,"tombstone:undead_killed":23,"tombstone:villager_killed":1,"minecraft:interact_with_smoker":1,"minecraft:interact_with_smithing_table":4,"minecraft:interact_with_anvil":1,"minecraft:mob_kills":95,"minecraft:damage_dealt_resisted":0,"minecraft:climb_one_cm":86083,"minecraft:walk_one_cm":4608980,"minecraft:damage_dealt_absorbed":18,"minecraft:sneak_time":19796,"minecraft:walk_under_water_one_cm":47032,"minecraft:interact_with_lectern":1,"minecraft:interact_with_blast_furnace":3,"minecraft:total_world_time":493521,"tombstone:raider_killed":1,"minecraft:interact_with_stonecutter":1,"minecraft:time_since_rest":14539,"minecraft:damage_taken":8515,"minecraft:trigger_trapped_chest":29,"minecraft:swim_one_cm":154314,"minecraft:fly_one_cm":490591,"minecraft:open_chest":179,"minecraft:fall_one_cm":71512}},"DataVersion":3465}