{"stats":{"minecraft:custom":{"minecraft:time_since_rest":5853,"minecraft:crouch_one_cm":480,"minecraft:play_time":14500,"minecraft:sprint_one_cm":61929,"minecraft:walk_one_cm":112219,"minecraft:damage_taken":525,"minecraft:deaths":2,"minecraft:sneak_time":188,"minecraft:drop":2,"minecraft:damage_dealt_resisted":0,"minecraft:jump":99,"minecraft:damage_dealt":419,"minecraft:time_since_death":6131,"minecraft:total_world_time":14500,"minecraft:fall_one_cm":1521,"minecraft:fly_one_cm":19304},"minecraft:dropped":{"theoneprobe:probenote":1,"patchouli:guide_book":1},"minecraft:used":{"alexsmobs:animal_dictionary":5,"minecraft:iron_sword":9},"minecraft:killed_by":{"vampirism:advanced_vampire":1,"minecraft:player":1},"minecraft:picked_up":{"minecraft:stick":2,"minecraft:rotten_flesh":2,"minecraft:iron_sword":1},"minecraft:mined":{"minecraft:grass":1,"minecraft:grass_block":1}},"DataVersion":3465}