{"stats":{"minecraft:custom":{"minecraft:time_since_rest":1,"minecraft:waystone_activated":1,"minecraft:sprint_one_cm":344902,"minecraft:damage_taken":2723,"minecraft:walk_one_cm":806856,"minecraft:mob_kills":15,"minecraft:drop":18,"minecraft:damage_dealt":2547,"minecraft:talked_to_villager":2,"minecraft:player_kills":3,"minecraft:fly_one_cm":83074,"minecraft:open_chest":4,"minecraft:play_time":75210,"minecraft:crouch_one_cm":19514,"tombstone:undead_killed":1,"minecraft:deaths":9,"minecraft:sneak_time":2307,"tombstone:tomb_raiding":2,"tombstone:villager_killed":1,"minecraft:jump":526,"minecraft:damage_dealt_resisted":0,"minecraft:leave_game":2,"minecraft:time_since_death":116,"minecraft:walk_on_water_one_cm":3755,"minecraft:total_world_time":75210,"minecraft:damage_resisted":0,"minecraft:fall_one_cm":18926},"minecraft:dropped":{"alexsmobs:maggot":1,"tombstone:grave_key":5,"theoneprobe:probenote":6,"tombstone:grave_dust":2,"minecraft:rotten_flesh":1,"evilcraft:poison_sac":1,"minecraft:bucket":1,"patchouli:guide_book":1},"minecraft:killed":{"minecraft:trader_llama":2,"vampirism:vampire":1,"minecraft:zombie":1,"evilcraft:poisonous_libelle":1,"minecraft:chicken":1,"alexsmobs:fly":6,"minecraft:wandering_trader":1},"minecraft:crafted":{"minecraft:red_dye":40,"minecraft:birch_planks":4},"minecraft:used":{"epicfight:skillbook":1,"minecraft:rose_bush":1,"minecraft:birch_planks":1,"minecraft:armor_stand":1,"minecraft:birch_sapling":1,"minecraft:iron_sword":40,"tombstone:grave_key":1,"evilcraft:flesh_humanoid":1,"minecraft:rotten_flesh":6,"minecraft:dirt":1,"tombstone:gift":3,"alexsmobs:animal_dictionary":5,"minecraft:milk_bucket":1},"minecraft:killed_by":{"vampirism:advanced_vampire":1,"minecraft:player":3,"vampirism:vampire":1,"minecraft:zombie":1},"minecraft:picked_up":{"minecraft:birch_log":1,"minecraft:air":0,"minecraft:stick":2,"apotheosis:gem":1,"minecraft:milk_bucket":1,"minecraft:feather":3,"minecraft:chicken":1,"minecraft:leather":1,"minecraft:torch":1,"minecraft:lead":2,"epicfight:skillbook":1,"tombstone:grave_key":2,"tombstone:grave_dust":1,"vampirism:vampire_fang":1,"minecraft:dirt":1,"minecraft:lantern":1,"evilcraft:poison_sac":2,"minecraft:armor_stand":1,"minecraft:rotten_flesh":7,"mysticalagriculture:inferium_essence":2,"minecraft:bucket":1,"minecraft:iron_helmet":1,"theoneprobe:probenote":3,"minecraft:rose_bush":21,"alexsmobs:maggot":4,"minecraft:birch_sapling":3,"minecraft:iron_sword":1,"minecraft:egg":1},"minecraft:mined":{"minecraft:birch_log":1,"minecraft:torch":1,"minecraft:grass":6,"minecraft:grass_block":1,"evilcraft:blood_stain":1,"minecraft:rose_bush":19}},"DataVersion":3465}