{"stats":{"minecraft:crafted":{"minecraft:cooked_chicken":3,"minecraft:stone":34,"minecraft:cooked_mutton":12,"minecraft:glass":16,"minecraft:chest":5,"minecraft:stone_hoe":1,"mekanism:ingot_tin":12,"minecraft:wooden_shovel":1,"minecraft:cooked_porkchop":14,"minecraft:crafting_table":3,"minecraft:spruce_planks":256,"minecraft:wooden_pickaxe":2,"minecraft:baked_potato":19,"minecraft:spruce_door":3,"minecraft:birch_planks":44,"minecraft:charcoal":51,"minecraft:stick":104,"minecraft:iron_ingot":1,"minecraft:iron_pickaxe":1,"minecraft:stone_sword":1,"minecraft:snow_block":97,"onlyhammers:stone_hammer":1,"minecraft:stone_shovel":1,"minecraft:spruce_button":28,"minecraft:furnace":7,"minecraft:ladder":30,"minecraft:stone_pickaxe":2,"biomesoplenty:magic_planks":28,"minecraft:wheat":27,"minecraft:red_dye":40,"minecraft:cooked_cod":8,"minecraft:bread":3,"minecraft:air":0,"justhammers:stone_hammer":1,"minecraft:iron_shovel":1,"minecraft:torch":44},"minecraft:used":{"minecraft:iron_shovel":61,"minecraft:ladder":26,"minecraft:chest":5,"minecraft:stone":31,"minecraft:iron_sword":50,"minecraft:rotten_flesh":6,"minecraft:iron_chestplate":1,"minecraft:carrot":10,"minecraft:snowball":1,"minecraft:stripped_spruce_log":2,"minecraft:milk_bucket":1,"vampirism:item_tent":1,"minecraft:red_wool":1,"minecraft:birch_sapling":1,"minecraft:sweet_berries":35,"minecraft:furnace":13,"minecraft:cooked_cod":8,"vampirism:armor_of_swiftness_chest_ultimate":1,"minecraft:potato":57,"epicfight:skillbook":1,"minecraft:spruce_door":1,"minecraft:stone_pickaxe":253,"minecraft:wooden_pickaxe":60,"minecraft:cookie":26,"onlyhammers:stone_hammer":37,"minecraft:bread":6,"tombstone:grave_key":1,"minecraft:andesite":7,"minecraft:experience_bottle":1,"minecraft:rose_bush":1,"minecraft:stone_sword":176,"minecraft:armor_stand":1,"securitycraft:keypad_chest":1,"minecraft:stone_shovel":131,"minecraft:wooden_shovel":59,"minecraft:stone_hoe":22,"minecraft:cooked_chicken":3,"minecraft:torch":23,"minecraft:dirt":69,"minecraft:granite":3,"minecraft:iron_axe":254,"evilcraft:flesh_humanoid":1,"tombstone:gift":7,"minecraft:trapped_chest":1,"minecraft:cooked_mutton":10,"minecraft:water_bucket":29,"minecraft:snow_block":97,"minecraft:birch_planks":1,"minecraft:baked_potato":7,"vampirism:item_garlic":1,"minecraft:crafting_table":5,"minecraft:white_bed":4,"minecraft:spruce_log":3,"tombstone:bag_of_seeds":1,"minecraft:apple":7,"minecraft:iron_pickaxe":50,"minecraft:spruce_sapling":10,"justhammers:stone_hammer":99,"minecraft:cobblestone":89,"minecraft:cooked_porkchop":15,"minecraft:bucket":29,"alexsmobs:animal_dictionary":8},"minecraft:mined":{"minecraft:white_bed":4,"minecraft:granite":44,"minecraft:grass_block":32,"minecraft:infested_cobblestone":1,"minecraft:tall_seagrass":1,"minecraft:iron_ore":2,"minecraft:dirt_path":31,"minecraft:oak_stairs":1,"minecraft:purple_carpet":1,"ae2:large_quartz_bud":1,"cyclic:flower_lime_carnation":2,"minecraft:powder_snow":23,"iceandfire:dragon_ice_spikes":2,"minecraft:torch":4,"mekanism:tin_ore":16,"minecraft:cobblestone":26,"minecraft:wall_torch":4,"minecraft:birch_log":65,"minecraft:wheat":3,"minecraft:blue_ice":9,"biomesoplenty:fir_log":13,"minecraft:grass":26,"biomesoplenty:clover":8,"ae2:quartz_block":1,"minecraft:sand":17,"minecraft:dirt":31,"terraqueous:mango_log":10,"ae2:chipped_budding_quartz":1,"minecraft:ladder":3,"minecraft:stone_button":1,"iceandfire:frozen_grass":1,"minecraft:spruce_leaves":15,"biomesoplenty:dead_grass":3,"minecraft:hay_block":3,"minecraft:furnace":6,"minecraft:carrots":5,"minecraft:snow":4,"ae2:damaged_budding_quartz":1,"minecraft:andesite":7,"minecraft:stripped_spruce_log":6,"evilcraft:dark_ore":2,"ae2:mysterious_cube":1,"biomesoplenty:magic_log":7,"minecraft:bookshelf":2,"minecraft:potatoes":33,"minecraft:cobblestone_slab":1,"biomesoplenty:high_grass":1,"minecraft:stone":211,"terraqueous:doodad_stone":4,"minecraft:red_wool":2,"minecraft:snow_block":180,"vampirism:tent_main":1,"minecraft:crafting_table":1,"minecraft:rose_bush":19,"biomesoplenty:high_grass_plant":1,"minecraft:tall_grass":3,"minecraft:copper_ore":1,"biomesoplenty:sprout":21,"minecraft:lapis_ore":5,"minecraft:diorite":24,"ae2:flawless_budding_quartz":1,"ae2:medium_quartz_bud":1,"biomesoplenty:pink_daffodil":1,"minecraft:sweet_berry_bush":9,"minecraft:ice":25,"minecraft:spruce_log":85,"minecraft:black_wool":2,"vampirism:garlic":1,"minecraft:coal_ore":13,"evilcraft:blood_stain":1,"biomesoplenty:fir_leaves":3,"minecraft:gravel":1,"minecraft:fern":6},"minecraft:killed":{"vampirism:vampire":3,"minecraft:spider":1,"minecraft:skeleton":1,"minecraft:chicken":4,"minecraft:silverfish":1,"minecraft:pig":9,"minecraft:sheep":3,"minecraft:trader_llama":2,"enemyexpansion:meature":3,"minecraft:zombie":5,"alexsmobs:fly":6,"alexsmobs:raccoon":1,"alexsmobs:bison":1,"minecraft:drowned":1,"enemyexpansion:sprinter":1,"minecraft:wandering_trader":1,"alexsmobs:crocodile":1,"evilcraft:poisonous_libelle":1,"iceandfire:ghost":2,"enemyexpansion:slugger":1},"minecraft:broken":{"minecraft:wooden_shovel":1,"minecraft:stone_pickaxe":1,"justhammers:stone_hammer":1,"minecraft:stone_shovel":1,"minecraft:wooden_pickaxe":1},"minecraft:killed_by":{"minecraft:zombie_villager":1,"vampirism:advanced_vampire":1,"minecraft:zombie":1,"vampirism:vampire":1,"minecraft:player":5},"minecraft:dropped":{"minecraft:birch_planks":1,"biomesoplenty:pink_daffodil":1,"minecraft:cooked_porkchop":2,"minecraft:item_frame":2,"minecraft:dirt":5,"minecraft:stone_button":3,"minecraft:snowball":20,"theoneprobe:probenote":8,"minecraft:birch_log":10,"minecraft:white_wool":1,"minecraft:gravel":3,"minecraft:rotten_flesh":3,"minecraft:oak_planks":1,"cyclic:flower_lime_carnation":2,"evilcraft:poison_sac":2,"patchouli:guide_book":2,"immersiveengineering:dust_copper":1,"minecraft:melon_seeds":1,"apotheosis:gem":1,"minecraft:stone_brick_stairs":1,"minecraft:iron_helmet":1,"minecraft:cobblestone":12,"minecraft:stick":2,"minecraft:diorite":5,"tombstone:grave_key":5,"tombstone:grave_dust":3,"minecraft:iron_leggings":1,"minecraft:iron_axe":1,"rats:raw_rat":1,"minecraft:bucket":1,"iceandfire:dragonbone":1,"immersiveengineering:dust_aluminum":1,"alexsmobs:maggot":1,"minecraft:cobblestone_wall":11,"minecraft:cobblestone_slab":1,"minecraft:spruce_trapdoor":3,"minecraft:andesite":14,"minecraft:spruce_log":4},"minecraft:picked_up":{"minecraft:wheat":3,"minecraft:lead":2,"minecraft:oak_stairs":1,"minecraft:stone_brick_stairs":1,"tombstone:grave_key":2,"minecraft:string":1,"minecraft:raw_copper":2,"immersiveengineering:dust_aluminum":2,"minecraft:armor_stand":1,"minecraft:experience_bottle":1,"mysticalagriculture:inferium_essence":8,"minecraft:bucket":2,"minecraft:rose_bush":21,"minecraft:cobblestone_slab":1,"minecraft:furnace":6,"minecraft:tipped_arrow":1,"minecraft:stick":29,"apotheosis:gem":8,"minecraft:torch":11,"iceandfire:silver_ore":1,"epicfight:skillbook":1,"minecraft:porkchop":16,"vampirism:vampire_fang":1,"tombstone:grave_dust":4,"minecraft:diorite":52,"mekanism:raw_tin":16,"enemyexpansion:meathead_helmet":1,"minecraft:stone_sword":1,"minecraft:rotten_flesh":9,"terraqueous:gravel_lump":1,"minecraft:snowball":700,"minecraft:cobblestone":388,"minecraft:birch_log":65,"minecraft:feather":10,"minecraft:andesite":122,"minecraft:potato":79,"biomesoplenty:fir_sapling":3,"biomesoplenty:fir_log":13,"rats:raw_rat":1,"minecraft:lapis_lazuli":11,"minecraft:dirt":94,"minecraft:lantern":1,"minecraft:bone":1,"minecraft:wheat_seeds":4,"vampirism:item_garlic":4,"theoneprobe:probenote":3,"ae2:logic_processor_press":1,"minecraft:oak_planks":1,"minecraft:cooked_porkchop":3,"minecraft:poisonous_potato":1,"minecraft:sand":16,"minecraft:stripped_spruce_log":6,"minecraft:trapped_chest":1,"minecraft:writable_book":1,"minecraft:granite":98,"minecraft:emerald":1,"alexsmobs:maggot":4,"biomesoplenty:pink_daffodil":1,"minecraft:crafting_table":2,"minecraft:chicken":4,"minecraft:ladder":2,"evilcraft:poison_sac":2,"minecraft:item_frame":6,"cyclic:flower_lime_carnation":2,"terraqueous:mango_log":10,"minecraft:beef":8,"minecraft:sugar_cane":2,"minecraft:birch_sapling":24,"minecraft:spruce_trapdoor":3,"minecraft:egg":1,"minecraft:raw_iron":2,"iceandfire:dragonbone":4,"immersiveengineering:dust_gold":1,"minecraft:stone_button":3,"minecraft:cookie":26,"minecraft:carrot":6,"minecraft:dark_oak_planks":1,"iceandfire:dragon_skull_ice":1,"minecraft:arrow":1,"minecraft:hay_block":3,"ae2:calculation_processor_press":1,"minecraft:mutton":4,"minecraft:white_wool":2,"minecraft:rail":6,"immersiveengineering:dust_copper":1,"minecraft:air":0,"vampirism:item_tent":1,"minecraft:leather":1,"minecraft:birch_planks":8,"minecraft:cobblestone_wall":11,"minecraft:iron_ingot":2,"biomesoplenty:magic_log":7,"tombstone:bag_of_seeds":1,"minecraft:iron_sword":1,"minecraft:dark_oak_stairs":1,"minecraft:book":10,"minecraft:milk_bucket":1,"minecraft:sweet_berries":22,"minecraft:red_wool":2,"minecraft:gravel":3,"minecraft:spruce_sapling":31,"minecraft:white_bed":4,"minecraft:spruce_log":89,"immersiveengineering:seed":1,"evilcraft:dark_gem":9,"minecraft:iron_helmet":1,"minecraft:black_wool":2,"minecraft:coal":13,"vampirism:armor_of_swiftness_chest_ultimate":1,"minecraft:ender_pearl":4},"minecraft:custom":{"minecraft:animals_bred":8,"minecraft:interact_with_crafting_table":56,"minecraft:leave_game":3,"minecraft:time_since_death":133301,"minecraft:damage_resisted":0,"minecraft:sprint_one_cm":1931463,"minecraft:drop":73,"minecraft:talked_to_villager":7,"minecraft:play_time":300368,"minecraft:deaths":12,"tombstone:tomb_raiding":3,"minecraft:jump":2167,"minecraft:walk_on_water_one_cm":84387,"minecraft:interact_with_furnace":77,"minecraft:interact_with_loom":1,"minecraft:sleep_in_bed":12,"minecraft:waystone_activated":5,"minecraft:damage_dealt":8282,"minecraft:player_kills":6,"minecraft:crouch_one_cm":56551,"tombstone:undead_killed":14,"tombstone:villager_killed":1,"minecraft:mob_kills":51,"minecraft:damage_dealt_resisted":0,"minecraft:climb_one_cm":64237,"minecraft:walk_one_cm":2790017,"minecraft:sneak_time":9871,"minecraft:walk_under_water_one_cm":31909,"minecraft:interact_with_lectern":1,"minecraft:interact_with_blast_furnace":2,"minecraft:total_world_time":300368,"minecraft:interact_with_stonecutter":1,"minecraft:time_since_rest":6890,"minecraft:damage_taken":5946,"minecraft:trigger_trapped_chest":22,"minecraft:swim_one_cm":125020,"minecraft:fly_one_cm":354447,"minecraft:open_chest":76,"minecraft:fall_one_cm":42975}},"DataVersion":3465}