{"stats":{"minecraft:custom":{"minecraft:time_since_rest":16956,"minecraft:waystone_activated":4,"minecraft:interact_with_furnace":19,"minecraft:sprint_one_cm":94888,"minecraft:damage_taken":511,"minecraft:walk_one_cm":259952,"minecraft:mob_kills":5,"minecraft:drop":5,"tombstone:raider_killed":2,"minecraft:damage_dealt":1173,"minecraft:swim_one_cm":6468,"minecraft:interact_with_crafting_table":6,"minecraft:fly_one_cm":55534,"minecraft:player_kills":1,"minecraft:open_chest":3,"minecraft:crouch_one_cm":2507,"minecraft:play_time":29834,"minecraft:deaths":2,"minecraft:sneak_time":583,"minecraft:walk_under_water_one_cm":259,"minecraft:jump":271,"minecraft:time_since_death":17099,"minecraft:walk_on_water_one_cm":7584,"minecraft:total_world_time":29834,"minecraft:fall_one_cm":6028},"minecraft:dropped":{"theoneprobe:probenote":3,"minecraft:leather":1,"minecraft:egg":1},"minecraft:crafted":{"minecraft:cooked_porkchop":4,"minecraft:crafting_table":1,"minecraft:stick":8,"minecraft:wooden_pickaxe":1,"minecraft:stone_pickaxe":1,"minecraft:stone_sword":1,"minecraft:birch_planks":40,"minecraft:air":0,"minecraft:cooked_beef":3},"minecraft:killed":{"minecraft:pillager":2,"minecraft:pig":2,"minecraft:cow":1},"minecraft:used":{"minecraft:birch_planks":1,"minecraft:iron_axe":10,"minecraft:stone_pickaxe":95,"minecraft:wooden_pickaxe":39,"minecraft:iron_chestplate":1,"minecraft:cobblestone":1,"minecraft:cooked_porkchop":2,"tombstone:gift":1,"alexsmobs:animal_dictionary":1},"minecraft:killed_by":{"minecraft:player":2},"minecraft:picked_up":{"immersiveengineering:dust_copper":1,"minecraft:birch_log":10,"patchouli:guide_book":1,"minecraft:leather":3,"minecraft:porkchop":5,"minecraft:iron_axe":1,"mysticalagriculture:inferium_essence":1,"theoneprobe:probenote":4,"minecraft:beef":3,"minecraft:cobblestone":117,"minecraft:egg":1},"minecraft:mined":{"minecraft:stone":134}},"DataVersion":3465}