{"stats":{"minecraft:custom":{"minecraft:time_since_rest":476,"minecraft:open_chest":1,"minecraft:waystone_activated":1,"minecraft:crouch_one_cm":397,"minecraft:play_time":5834,"minecraft:sprint_one_cm":18513,"minecraft:deaths":1,"minecraft:damage_taken":295,"minecraft:walk_one_cm":66317,"minecraft:sneak_time":339,"minecraft:mob_kills":2,"minecraft:drop":2,"minecraft:jump":37,"tombstone:raider_killed":2,"minecraft:damage_dealt":384,"minecraft:walk_on_water_one_cm":2485,"minecraft:time_since_death":676,"minecraft:total_world_time":5834,"minecraft:fall_one_cm":838,"minecraft:fly_one_cm":8219},"minecraft:killed":{"minecraft:pillager":2},"minecraft:dropped":{"theoneprobe:probenote":2},"minecraft:used":{"alexsmobs:animal_dictionary":1},"minecraft:killed_by":{"minecraft:player":1},"minecraft:picked_up":{"theoneprobe:probenote":2}},"DataVersion":3465}