{"stats":{"minecraft:custom":{"minecraft:interact_with_furnace":22,"minecraft:mob_kills":13,"tombstone:raider_killed":2,"minecraft:interact_with_crafting_table":8,"minecraft:time_since_death":3647,"minecraft:sleep_in_bed":1,"minecraft:climb_one_cm":567,"minecraft:time_since_rest":1956,"minecraft:waystone_activated":4,"minecraft:sprint_one_cm":250489,"minecraft:damage_taken":1368,"minecraft:walk_one_cm":440557,"minecraft:drop":7,"minecraft:damage_dealt":3283,"minecraft:swim_one_cm":57042,"minecraft:fly_one_cm":126963,"minecraft:player_kills":1,"minecraft:open_chest":4,"minecraft:crouch_one_cm":9763,"minecraft:play_time":53834,"tombstone:undead_killed":7,"minecraft:deaths":4,"minecraft:sneak_time":1824,"minecraft:walk_under_water_one_cm":14087,"minecraft:jump":623,"minecraft:walk_on_water_one_cm":29046,"minecraft:total_world_time":53834,"minecraft:fall_one_cm":11255},"minecraft:dropped":{"minecraft:leather":1,"minecraft:torch":2,"theoneprobe:probenote":3,"minecraft:egg":1},"minecraft:killed":{"minecraft:pig":2,"enemyexpansion:sprinter":3,"enemyexpansion:goblin_fear":1,"minecraft:pillager":2,"minecraft:zombie":4,"minecraft:cow":1},"minecraft:crafted":{"minecraft:cooked_beef":3,"minecraft:cooked_porkchop":4,"minecraft:crafting_table":1,"minecraft:wooden_pickaxe":1,"minecraft:birch_planks":40,"minecraft:air":0,"minecraft:stick":8,"minecraft:stone_pickaxe":1,"minecraft:stone_sword":1,"minecraft:birch_door":3,"minecraft:torch":12},"minecraft:used":{"minecraft:stone_sword":64,"minecraft:birch_planks":1,"minecraft:stone_pickaxe":104,"minecraft:wooden_pickaxe":39,"minecraft:iron_chestplate":1,"minecraft:torch":7,"minecraft:crafting_table":1,"minecraft:birch_door":1,"minecraft:iron_axe":15,"minecraft:cobblestone":19,"minecraft:cooked_porkchop":4,"tombstone:gift":1,"alexsmobs:animal_dictionary":1,"minecraft:cooked_beef":3},"minecraft:killed_by":{"minecraft:player":4},"minecraft:picked_up":{"immersiveengineering:dust_copper":1,"minecraft:birch_log":10,"minecraft:leather":3,"minecraft:iron_axe":1,"minecraft:bone":1,"mysticalagriculture:inferium_essence":3,"minecraft:spruce_planks":1,"minecraft:beef":3,"theoneprobe:probenote":4,"minecraft:egg":1,"minecraft:stick":2,"apotheosis:gem":1,"minecraft:sweet_berries":15,"patchouli:guide_book":1,"minecraft:torch":2,"minecraft:spruce_stairs":2,"minecraft:porkchop":5,"cyclic:flower_absalon_tulip":1,"minecraft:bundle":1,"minecraft:rotten_flesh":8,"minecraft:coal":6,"minecraft:cobblestone":121},"minecraft:mined":{"minecraft:spruce_planks":1,"terraqueous:doodad_branch":1,"minecraft:crafting_table":1,"minecraft:torch":1,"minecraft:cobblestone":1,"biomesoplenty:sprout":2,"minecraft:spruce_stairs":2,"minecraft:birch_planks":1,"minecraft:sweet_berry_bush":6,"minecraft:grass":2,"minecraft:coal_ore":6,"minecraft:stone":136}},"DataVersion":3465}