{"stats":{"minecraft:crafted":{"minecraft:furnace":2,"mekanism:ingot_uranium":2,"patchouli:guide_book":1,"minecraft:cooked_mutton":12,"minecraft:flint_and_steel":1,"immersiveengineering:ingot_silver":5,"minecraft:ladder":3,"minecraft:stone_pickaxe":4,"minecraft:chest":4,"minecraft:birch_door":3,"minecraft:cooked_beef":3,"minecraft:cooked_porkchop":9,"minecraft:crafting_table":4,"minecraft:wooden_pickaxe":1,"minecraft:baked_potato":53,"minecraft:bucket":2,"minecraft:birch_planks":40,"minecraft:air":0,"biomesoplenty:fir_planks":100,"minecraft:shield":1,"minecraft:stick":36,"minecraft:iron_ingot":4,"minecraft:stone_sword":1,"minecraft:white_bed":2,"minecraft:torch":72},"minecraft:used":{"minecraft:iron_bars":3,"minecraft:stone_sword":231,"minecraft:flint_and_steel":4,"securitycraft:keypad_chest":1,"iceandfire:dragon_skull_ice":2,"minecraft:ladder":2,"minecraft:chest":4,"minecraft:shield":78,"minecraft:iron_sword":74,"minecraft:netherrack":16,"minecraft:torch":57,"minecraft:iron_chestplate":1,"minecraft:brewing_stand":1,"minecraft:dirt":26,"terraqueous:pear":1,"minecraft:obsidian":4,"minecraft:birch_door":1,"vampirism:item_tent":2,"minecraft:chipped_anvil":1,"immersiveengineering:workbench":1,"minecraft:iron_axe":80,"biomesoplenty:fir_sapling":5,"minecraft:basalt":8,"alexscaves:spelunkery_table":1,"minecraft:bow":28,"minecraft:sweet_berries":13,"minecraft:furnace":2,"tombstone:gift":4,"minecraft:cooked_beef":3,"minecraft:cobbled_deepslate":5,"minecraft:iron_leggings":1,"minecraft:cooked_mutton":12,"vampirism:fire_place":1,"minecraft:water_bucket":6,"epicfight:skillbook":8,"minecraft:diorite":1,"minecraft:baked_potato":5,"minecraft:birch_planks":2,"minecraft:oak_planks":2,"minecraft:stone_pickaxe":504,"minecraft:wooden_pickaxe":39,"minecraft:cookie":97,"minecraft:white_wool":2,"minecraft:crafting_table":6,"alexscaves:cave_book":2,"minecraft:white_bed":4,"tombstone:bag_of_seeds":1,"minecraft:bread":25,"minecraft:iron_pickaxe":98,"minecraft:cobblestone":213,"minecraft:cooked_porkchop":8,"minecraft:bucket":7,"alexsmobs:animal_dictionary":1},"minecraft:mined":{"minecraft:dark_oak_planks":1,"mysticalagriculture:prosperity_ore":3,"alexscaves:spelunkery_table":1,"minecraft:spruce_planks":1,"terraqueous:doodad_branch":1,"minecraft:white_bed":2,"minecraft:deepslate_diamond_ore":4,"minecraft:glow_lichen":1,"minecraft:granite":14,"biomesoplenty:bush":6,"minecraft:allium":1,"minecraft:spruce_fence":6,"minecraft:grass_block":9,"biomesoplenty:dead_grass":2,"immersiveengineering:ore_silver":5,"mysticalagriculture:inferium_ore":20,"minecraft:hay_block":8,"minecraft:redstone_ore":1,"minecraft:iron_ore":7,"minecraft:fire":22,"minecraft:cobbled_deepslate":1,"minecraft:andesite":50,"ae2:damaged_budding_quartz":2,"minecraft:deepslate_lapis_ore":1,"vampirism:tent":1,"minecraft:dark_oak_stairs":1,"minecraft:bookshelf":7,"minecraft:dirt_path":1,"iceandfire:gold_pile":1,"minecraft:deepslate_iron_ore":4,"minecraft:vine":1,"minecraft:iron_bars":5,"minecraft:stone":327,"minecraft:white_wool":2,"mekanism:osmium_ore":3,"minecraft:potted_lily_of_the_valley":2,"minecraft:basalt":7,"minecraft:powder_snow":26,"vampirism:tent_main":1,"mekanism:block_salt":1,"minecraft:crafting_table":4,"minecraft:torch":6,"mekanism:tin_ore":6,"minecraft:copper_ore":4,"minecraft:tall_grass":2,"minecraft:cobblestone":6,"biomesoplenty:sprout":2,"minecraft:deepslate_gold_ore":1,"minecraft:lapis_ore":4,"minecraft:oak_planks":2,"minecraft:diorite":1,"minecraft:iron_door":1,"minecraft:wall_torch":10,"minecraft:spruce_stairs":2,"minecraft:birch_planks":1,"ae2:flawless_budding_quartz":2,"ae2:medium_quartz_bud":1,"minecraft:sweet_berry_bush":7,"terraqueous:doodad_burnium":2,"minecraft:white_carpet":1,"minecraft:spruce_log":3,"minecraft:tnt":5,"biomesoplenty:fir_log":26,"ae2:flawed_budding_quartz":1,"minecraft:grass":5,"minecraft:coal_ore":65,"ae2:small_quartz_bud":1,"mekanism:lead_ore":4,"vampirism:fire_place":1,"mekanism:deepslate_fluorite_ore":7,"minecraft:dirt":17,"mekanism:deepslate_uranium_ore":2,"minecraft:cobweb":30,"mysticalagriculture:deepslate_prosperity_ore":8,"minecraft:netherrack":42,"minecraft:oak_leaves":1,"mysticalagriculture:deepslate_inferium_ore":3,"minecraft:deepslate":9,"minecraft:infested_stone":1},"minecraft:killed":{"vampirism:advanced_vampire":1,"enemyexpansion:goblin_fear":1,"minecraft:skeleton":2,"iceandfire:siren":1,"minecraft:silverfish":1,"minecraft:magma_cube":6,"minecraft:pig":4,"enemyexpansion:sprinter":3,"minecraft:creeper":1,"minecraft:squid":1,"minecraft:pillager":3,"minecraft:zombie":7,"evilcraft:poisonous_libelle":1,"iceandfire:ghost":4,"enemyexpansion:huntsman":1,"minecraft:wither_skeleton":3,"minecraft:blaze":5,"minecraft:cow":1},"minecraft:broken":{"minecraft:stone_sword":1,"minecraft:stone_pickaxe":3,"minecraft:shield":1},"minecraft:killed_by":{"minecraft:player":4,"iceandfire:fire_dragon":1},"minecraft:dropped":{"minecraft:bread":5,"minecraft:birch_planks":1,"biomesoplenty:pink_daffodil":1,"minecraft:tnt":1,"minecraft:cooked_porkchop":3,"minecraft:cookie":26,"minecraft:feather":5,"minecraft:cobblestone":21,"minecraft:leather":1,"minecraft:granite":14,"minecraft:spruce_stairs":3,"minecraft:item_frame":4,"minecraft:stick":5,"minecraft:torch":2,"theoneprobe:probenote":5,"minecraft:bucket":1,"minecraft:bone":2,"minecraft:gold_ingot":1,"minecraft:redstone":5,"minecraft:sweet_berries":3,"cyclic:flower_absalon_tulip":1,"minecraft:white_carpet":1,"minecraft:oak_planks":2,"cyclic:flower_lime_carnation":2,"vampirism:armor_of_swiftness_chest_ultimate":1,"minecraft:spruce_fence":3,"minecraft:lily_of_the_valley":1,"minecraft:flower_pot":1,"minecraft:gunpowder":1,"minecraft:spruce_planks":1,"minecraft:andesite":50,"minecraft:beetroot_seeds":4,"minecraft:stone_brick_wall":2,"minecraft:ladder":1,"minecraft:spruce_slab":3,"minecraft:iron_bars":2,"minecraft:arrow":1,"minecraft:raw_gold":2,"terraqueous:glass_shard":2,"minecraft:stone_brick_stairs":1,"minecraft:egg":1},"minecraft:picked_up":{"minecraft:crafting_table":3,"iceandfire:witherbone":1,"minecraft:flower_pot":1,"mekanism:raw_uranium":2,"minecraft:stone_brick_wall":2,"ae2:silicon_press":1,"minecraft:stone_brick_stairs":1,"minecraft:brewing_stand":2,"minecraft:string":25,"minecraft:raw_copper":14,"minecraft:iron_axe":1,"evilcraft:poison_sac":1,"minecraft:iron_leggings":2,"minecraft:item_frame":5,"minecraft:white_carpet":2,"minecraft:blackstone":1,"cyclic:flower_lime_carnation":2,"mysticalagriculture:inferium_essence":77,"minecraft:gold_nugget":8,"minecraft:cobbled_deepslate":7,"minecraft:spruce_planks":6,"minecraft:beef":3,"minecraft:spruce_slab":3,"ae2:flawed_budding_quartz":3,"minecraft:egg":1,"minecraft:tipped_arrow":1,"minecraft:stick":2,"minecraft:raw_iron":11,"iceandfire:dragonbone":5,"apotheosis:gem":7,"terraqueous:pear":1,"minecraft:torch":22,"mysticalagriculture:prosperity_shard":32,"minecraft:spruce_stairs":3,"minecraft:spruce_fence":3,"minecraft:porkchop":8,"tombstone:grave_dust":1,"minecraft:diorite":1,"minecraft:redstone":5,"mekanism:raw_tin":6,"iceandfire:dragon_skull_ice":2,"minecraft:tnt":3,"minecraft:arrow":24,"minecraft:rotten_flesh":14,"ae2:certus_quartz_dust":4,"minecraft:hay_block":8,"alexscaves:spelunkery_table":1,"minecraft:gold_ingot":1,"minecraft:blaze_rod":2,"minecraft:iron_bars":5,"minecraft:white_wool":23,"minecraft:cobblestone":328,"minecraft:birch_log":10,"immersiveengineering:dust_copper":1,"terraqueous:burnium_dust":2,"minecraft:feather":5,"vampirism:vampire_blood_bottle":1,"minecraft:basalt":8,"vampirism:item_tent":2,"minecraft:iron_door":1,"mekanism:raw_lead":4,"minecraft:andesite":50,"minecraft:leather":3,"biomesoplenty:fir_sapling":5,"minecraft:birch_planks":1,"biomesoplenty:fir_log":25,"terraqueous:burnium_gem":4,"minecraft:chainmail_chestplate":1,"iceandfire:ectoplasm":1,"minecraft:gunpowder":3,"minecraft:lapis_lazuli":35,"minecraft:dirt":26,"minecraft:bone":7,"minecraft:chipped_anvil":1,"minecraft:wheat_seeds":4,"minecraft:raw_gold":2,"minecraft:iron_ingot":1,"theoneprobe:probenote":4,"terraqueous:glass_shard":5,"minecraft:oak_planks":5,"minecraft:book":24,"minecraft:cooked_porkchop":2,"minecraft:sweet_berries":15,"patchouli:guide_book":1,"vampirism:fire_place":1,"cyclic:flower_absalon_tulip":1,"alexsmobs:animal_dictionary":1,"minecraft:white_bed":2,"minecraft:lily_of_the_valley":2,"ae2:quartz_block":4,"mekanism:raw_osmium":3,"minecraft:bundle":1,"immersiveengineering:seed":1,"minecraft:diamond":4,"ae2:chipped_budding_quartz":1,"minecraft:iron_helmet":1,"mekanism:fluorite_gem":18,"minecraft:granite":14,"minecraft:emerald":3,"ae2:engineering_processor_press":1,"biomesoplenty:pink_daffodil":1,"minecraft:netherrack":39,"minecraft:coal":66,"immersiveengineering:raw_silver":5},"minecraft:custom":{"minecraft:interact_with_anvil":1,"minecraft:mob_kills":48,"minecraft:interact_with_crafting_table":23,"minecraft:open_barrel":6,"minecraft:damage_dealt_resisted":0,"minecraft:eat_cake_slice":5,"minecraft:leave_game":4,"minecraft:time_since_death":111682,"minecraft:climb_one_cm":18086,"minecraft:damage_resisted":0,"minecraft:sprint_one_cm":1819098,"minecraft:walk_one_cm":2621658,"minecraft:damage_blocked_by_shield":1215,"minecraft:drop":98,"minecraft:talked_to_villager":3,"minecraft:play_time":381048,"minecraft:sneak_time":9388,"minecraft:deaths":6,"minecraft:walk_under_water_one_cm":61954,"minecraft:jump":3872,"minecraft:walk_on_water_one_cm":95475,"minecraft:total_world_time":381048,"minecraft:interact_with_furnace":59,"tombstone:raider_killed":3,"minecraft:tune_noteblock":25,"minecraft:interact_with_loom":7,"minecraft:sleep_in_bed":14,"minecraft:time_since_rest":89215,"minecraft:waystone_activated":8,"minecraft:damage_taken":4742,"minecraft:trigger_trapped_chest":9,"minecraft:damage_dealt":9470,"minecraft:swim_one_cm":234748,"minecraft:fly_one_cm":1003070,"minecraft:player_kills":1,"minecraft:open_chest":205,"minecraft:crouch_one_cm":34458,"tombstone:undead_killed":20,"minecraft:interact_with_smoker":1,"minecraft:fall_one_cm":75952}},"DataVersion":3465}