{"stats":{"minecraft:custom":{"minecraft:time_since_rest":4956,"minecraft:open_chest":3,"minecraft:waystone_activated":4,"minecraft:crouch_one_cm":2507,"minecraft:play_time":17834,"minecraft:sprint_one_cm":84862,"minecraft:deaths":2,"minecraft:damage_taken":511,"minecraft:walk_one_cm":196243,"minecraft:sneak_time":583,"minecraft:walk_under_water_one_cm":259,"minecraft:mob_kills":5,"minecraft:drop":2,"minecraft:jump":126,"tombstone:raider_killed":2,"minecraft:damage_dealt":1173,"minecraft:walk_on_water_one_cm":3131,"minecraft:time_since_death":5099,"minecraft:total_world_time":17834,"minecraft:swim_one_cm":6208,"minecraft:fall_one_cm":4031,"minecraft:fly_one_cm":28879,"minecraft:player_kills":1},"minecraft:crafted":{"minecraft:birch_planks":40,"minecraft:crafting_table":1},"minecraft:killed":{"minecraft:pillager":2,"minecraft:pig":2,"minecraft:cow":1},"minecraft:dropped":{"theoneprobe:probenote":2},"minecraft:used":{"minecraft:iron_chestplate":1,"minecraft:iron_axe":10,"tombstone:gift":1,"alexsmobs:animal_dictionary":1},"minecraft:killed_by":{"minecraft:player":2},"minecraft:picked_up":{"patchouli:guide_book":1,"minecraft:leather":2,"mysticalagriculture:inferium_essence":1,"minecraft:beef":3,"theoneprobe:probenote":3,"minecraft:porkchop":5,"minecraft:egg":1,"minecraft:birch_log":10,"minecraft:iron_axe":1}},"DataVersion":3465}