{"stats":{"minecraft:custom":{"minecraft:time_since_rest":28956,"minecraft:waystone_activated":4,"minecraft:interact_with_furnace":22,"minecraft:sprint_one_cm":146595,"minecraft:damage_taken":752,"minecraft:walk_one_cm":332476,"minecraft:mob_kills":10,"minecraft:drop":7,"tombstone:raider_killed":2,"minecraft:damage_dealt":2486,"minecraft:swim_one_cm":49698,"minecraft:interact_with_crafting_table":8,"minecraft:fly_one_cm":87205,"minecraft:player_kills":1,"minecraft:open_chest":3,"minecraft:crouch_one_cm":4797,"minecraft:play_time":41834,"tombstone:undead_killed":5,"minecraft:deaths":2,"minecraft:sneak_time":1015,"minecraft:walk_under_water_one_cm":13812,"minecraft:jump":433,"minecraft:time_since_death":29099,"minecraft:walk_on_water_one_cm":25922,"minecraft:climb_one_cm":567,"minecraft:total_world_time":41834,"minecraft:fall_one_cm":7400},"minecraft:crafted":{"minecraft:cooked_porkchop":4,"minecraft:crafting_table":1,"minecraft:stick":8,"minecraft:wooden_pickaxe":1,"minecraft:stone_pickaxe":1,"minecraft:stone_sword":1,"minecraft:birch_door":3,"minecraft:torch":12,"minecraft:birch_planks":40,"minecraft:air":0,"minecraft:cooked_beef":3},"minecraft:dropped":{"minecraft:torch":2,"theoneprobe:probenote":3,"minecraft:leather":1,"minecraft:egg":1},"minecraft:killed":{"minecraft:pillager":2,"minecraft:zombie":2,"minecraft:pig":2,"enemyexpansion:sprinter":3,"minecraft:cow":1},"minecraft:used":{"minecraft:stone_sword":36,"minecraft:birch_planks":1,"minecraft:iron_axe":12,"minecraft:stone_pickaxe":104,"minecraft:wooden_pickaxe":39,"minecraft:iron_chestplate":1,"minecraft:torch":4,"minecraft:cobblestone":19,"minecraft:crafting_table":1,"minecraft:cooked_porkchop":2,"tombstone:gift":1,"alexsmobs:animal_dictionary":1,"minecraft:cooked_beef":1,"minecraft:birch_door":1},"minecraft:killed_by":{"minecraft:player":2},"minecraft:picked_up":{"immersiveengineering:dust_copper":1,"minecraft:birch_log":10,"minecraft:stick":2,"apotheosis:gem":1,"patchouli:guide_book":1,"minecraft:leather":3,"minecraft:torch":1,"minecraft:porkchop":5,"minecraft:iron_axe":1,"minecraft:bundle":1,"minecraft:rotten_flesh":4,"mysticalagriculture:inferium_essence":1,"theoneprobe:probenote":4,"minecraft:beef":3,"minecraft:coal":6,"minecraft:cobblestone":121,"minecraft:egg":1},"minecraft:mined":{"minecraft:birch_planks":1,"terraqueous:doodad_branch":1,"minecraft:crafting_table":1,"minecraft:grass":1,"minecraft:coal_ore":6,"minecraft:cobblestone":1,"biomesoplenty:sprout":2,"minecraft:stone":136}},"DataVersion":3465}