{"stats":{"minecraft:custom":{"minecraft:interact_with_furnace":39,"minecraft:interact_with_anvil":1,"minecraft:mob_kills":18,"tombstone:raider_killed":2,"minecraft:interact_with_crafting_table":10,"minecraft:damage_dealt_resisted":0,"minecraft:leave_game":1,"minecraft:time_since_death":74213,"minecraft:sleep_in_bed":6,"minecraft:climb_one_cm":567,"minecraft:damage_resisted":0,"minecraft:time_since_rest":12720,"minecraft:waystone_activated":5,"minecraft:sprint_one_cm":718894,"minecraft:damage_taken":2091,"minecraft:walk_one_cm":887044,"minecraft:trigger_trapped_chest":1,"minecraft:drop":30,"minecraft:damage_dealt":4787,"minecraft:talked_to_villager":1,"minecraft:swim_one_cm":215956,"minecraft:fly_one_cm":378285,"minecraft:player_kills":1,"minecraft:open_chest":29,"minecraft:play_time":124400,"minecraft:crouch_one_cm":14805,"minecraft:sneak_time":3032,"tombstone:undead_killed":9,"minecraft:deaths":4,"minecraft:walk_under_water_one_cm":19321,"minecraft:jump":1463,"minecraft:walk_on_water_one_cm":49103,"minecraft:total_world_time":124400,"minecraft:fall_one_cm":28271},"minecraft:killed":{"minecraft:pig":4,"enemyexpansion:sprinter":3,"enemyexpansion:goblin_fear":1,"minecraft:squid":1,"minecraft:skeleton":1,"minecraft:pillager":2,"minecraft:zombie":4,"iceandfire:ghost":1,"minecraft:cow":1},"minecraft:dropped":{"minecraft:sweet_berries":3,"biomesoplenty:pink_daffodil":1,"cyclic:flower_absalon_tulip":1,"minecraft:cooked_porkchop":3,"minecraft:cookie":26,"minecraft:feather":1,"minecraft:oak_planks":1,"minecraft:leather":1,"cyclic:flower_lime_carnation":2,"vampirism:armor_of_swiftness_chest_ultimate":1,"minecraft:spruce_stairs":3,"minecraft:item_frame":1,"minecraft:lily_of_the_valley":1,"minecraft:torch":2,"minecraft:spruce_planks":1,"minecraft:stone_brick_wall":1,"theoneprobe:probenote":4,"minecraft:spruce_slab":3,"minecraft:stone_brick_stairs":1,"minecraft:bucket":1,"minecraft:bone":2,"minecraft:egg":1},"minecraft:crafted":{"minecraft:cooked_beef":3,"minecraft:cooked_porkchop":9,"minecraft:crafting_table":1,"minecraft:wooden_pickaxe":1,"minecraft:bucket":1,"minecraft:birch_planks":40,"minecraft:cooked_mutton":12,"minecraft:air":0,"minecraft:stick":8,"minecraft:stone_pickaxe":1,"minecraft:stone_sword":1,"minecraft:white_bed":2,"minecraft:birch_door":3,"minecraft:torch":12},"minecraft:used":{"minecraft:cooked_mutton":8,"vampirism:fire_place":1,"minecraft:diorite":1,"minecraft:stone_sword":126,"minecraft:birch_planks":1,"minecraft:stone_pickaxe":128,"minecraft:wooden_pickaxe":39,"minecraft:cookie":9,"minecraft:iron_chestplate":1,"minecraft:white_wool":2,"minecraft:torch":15,"minecraft:crafting_table":1,"minecraft:white_bed":3,"minecraft:birch_door":1,"vampirism:item_tent":2,"minecraft:iron_axe":27,"minecraft:cobblestone":60,"minecraft:sweet_berries":13,"minecraft:cooked_porkchop":8,"tombstone:gift":1,"alexsmobs:animal_dictionary":1,"minecraft:cooked_beef":3,"minecraft:iron_leggings":1},"minecraft:killed_by":{"minecraft:player":4},"minecraft:picked_up":{"immersiveengineering:dust_copper":1,"minecraft:birch_log":10,"minecraft:feather":1,"vampirism:item_tent":2,"minecraft:leather":3,"minecraft:stone_brick_wall":1,"ae2:silicon_press":1,"minecraft:stone_brick_stairs":1,"iceandfire:ectoplasm":1,"minecraft:iron_axe":1,"minecraft:iron_leggings":1,"minecraft:item_frame":1,"minecraft:bone":2,"cyclic:flower_lime_carnation":2,"mysticalagriculture:inferium_essence":4,"minecraft:spruce_planks":6,"theoneprobe:probenote":4,"minecraft:beef":3,"minecraft:spruce_slab":3,"ae2:flawed_budding_quartz":3,"minecraft:oak_planks":2,"minecraft:egg":1,"minecraft:book":18,"minecraft:stick":2,"apotheosis:gem":4,"minecraft:cooked_porkchop":2,"minecraft:sweet_berries":15,"patchouli:guide_book":1,"vampirism:fire_place":1,"minecraft:torch":10,"minecraft:spruce_stairs":3,"minecraft:porkchop":8,"cyclic:flower_absalon_tulip":1,"minecraft:diorite":1,"minecraft:white_bed":2,"minecraft:lily_of_the_valley":1,"ae2:quartz_block":4,"minecraft:tnt":2,"minecraft:bundle":1,"minecraft:arrow":1,"minecraft:rotten_flesh":10,"ae2:chipped_budding_quartz":1,"ae2:certus_quartz_dust":4,"minecraft:iron_helmet":1,"ae2:engineering_processor_press":1,"biomesoplenty:pink_daffodil":1,"minecraft:white_wool":1,"minecraft:coal":20,"minecraft:cobblestone":136},"minecraft:mined":{"minecraft:spruce_planks":1,"minecraft:white_bed":2,"terraqueous:doodad_branch":1,"minecraft:potted_lily_of_the_valley":1,"vampirism:tent_main":1,"minecraft:powder_snow":26,"minecraft:crafting_table":1,"minecraft:torch":1,"minecraft:cobblestone":4,"biomesoplenty:sprout":2,"minecraft:wall_torch":8,"minecraft:spruce_stairs":2,"minecraft:birch_planks":1,"ae2:flawless_budding_quartz":2,"ae2:medium_quartz_bud":1,"minecraft:sweet_berry_bush":7,"ae2:damaged_budding_quartz":2,"minecraft:tnt":2,"vampirism:tent":1,"ae2:flawed_budding_quartz":1,"minecraft:grass":3,"minecraft:bookshelf":5,"minecraft:coal_ore":20,"ae2:small_quartz_bud":1,"vampirism:fire_place":1,"minecraft:stone":136,"minecraft:white_wool":2}},"DataVersion":3465}