{"stats":{"minecraft:crafted":{"minecraft:cooked_mutton":12,"minecraft:ladder":3,"minecraft:stone_pickaxe":4,"minecraft:chest":2,"minecraft:birch_door":3,"minecraft:cooked_beef":3,"minecraft:cooked_porkchop":9,"minecraft:crafting_table":3,"minecraft:wooden_pickaxe":1,"minecraft:baked_potato":5,"minecraft:bucket":1,"minecraft:birch_planks":40,"minecraft:air":0,"biomesoplenty:fir_planks":100,"minecraft:stick":24,"minecraft:stone_sword":1,"minecraft:white_bed":2,"minecraft:torch":24},"minecraft:used":{"minecraft:stone_sword":136,"securitycraft:keypad_chest":1,"minecraft:ladder":2,"iceandfire:dragon_skull_ice":2,"minecraft:chest":2,"minecraft:iron_chestplate":1,"minecraft:torch":20,"minecraft:dirt":25,"minecraft:birch_door":1,"vampirism:item_tent":2,"biomesoplenty:fir_sapling":5,"minecraft:iron_axe":61,"minecraft:sweet_berries":13,"tombstone:gift":3,"minecraft:cooked_beef":3,"minecraft:iron_leggings":1,"minecraft:cooked_mutton":11,"vampirism:fire_place":1,"minecraft:diorite":1,"minecraft:birch_planks":2,"minecraft:stone_pickaxe":412,"minecraft:wooden_pickaxe":39,"minecraft:cookie":32,"minecraft:white_wool":2,"minecraft:crafting_table":4,"minecraft:white_bed":4,"minecraft:cobblestone":60,"minecraft:cooked_porkchop":8,"alexsmobs:animal_dictionary":1},"minecraft:mined":{"minecraft:dark_oak_planks":1,"minecraft:spruce_planks":1,"terraqueous:doodad_branch":1,"minecraft:white_bed":2,"minecraft:granite":14,"minecraft:grass_block":9,"minecraft:hay_block":6,"minecraft:iron_ore":4,"ae2:damaged_budding_quartz":2,"minecraft:andesite":48,"vampirism:tent":1,"minecraft:dark_oak_stairs":1,"minecraft:bookshelf":5,"minecraft:stone":319,"minecraft:white_wool":2,"mekanism:osmium_ore":3,"minecraft:potted_lily_of_the_valley":1,"vampirism:tent_main":1,"minecraft:powder_snow":26,"minecraft:crafting_table":3,"minecraft:torch":1,"mekanism:tin_ore":6,"minecraft:copper_ore":4,"minecraft:cobblestone":4,"biomesoplenty:sprout":2,"minecraft:diorite":1,"minecraft:iron_door":1,"minecraft:wall_torch":8,"minecraft:spruce_stairs":2,"minecraft:birch_planks":1,"ae2:flawless_budding_quartz":2,"ae2:medium_quartz_bud":1,"minecraft:sweet_berry_bush":7,"minecraft:spruce_log":3,"minecraft:tnt":2,"biomesoplenty:fir_log":26,"ae2:flawed_budding_quartz":1,"minecraft:grass":4,"minecraft:coal_ore":39,"ae2:small_quartz_bud":1,"vampirism:fire_place":1,"minecraft:dirt":17,"minecraft:infested_stone":1},"minecraft:killed":{"enemyexpansion:goblin_fear":1,"minecraft:skeleton":1,"minecraft:silverfish":1,"minecraft:pig":4,"enemyexpansion:sprinter":3,"minecraft:squid":1,"minecraft:pillager":2,"minecraft:zombie":5,"iceandfire:ghost":1,"minecraft:cow":1},"minecraft:broken":{"minecraft:stone_pickaxe":3},"minecraft:killed_by":{"minecraft:player":4},"minecraft:dropped":{"biomesoplenty:pink_daffodil":1,"minecraft:cooked_porkchop":3,"minecraft:feather":1,"minecraft:cookie":26,"minecraft:leather":1,"minecraft:spruce_stairs":3,"minecraft:item_frame":2,"minecraft:torch":2,"theoneprobe:probenote":4,"minecraft:bucket":1,"minecraft:bone":2,"minecraft:sweet_berries":3,"cyclic:flower_absalon_tulip":1,"minecraft:oak_planks":1,"cyclic:flower_lime_carnation":2,"vampirism:armor_of_swiftness_chest_ultimate":1,"minecraft:lily_of_the_valley":1,"minecraft:spruce_planks":1,"minecraft:stone_brick_wall":1,"minecraft:ladder":1,"minecraft:spruce_slab":3,"minecraft:arrow":1,"minecraft:stone_brick_stairs":1,"minecraft:egg":1},"minecraft:picked_up":{"minecraft:crafting_table":2,"minecraft:stone_brick_wall":1,"ae2:silicon_press":1,"minecraft:stone_brick_stairs":1,"minecraft:raw_copper":14,"minecraft:iron_axe":1,"minecraft:iron_leggings":1,"minecraft:item_frame":4,"cyclic:flower_lime_carnation":2,"mysticalagriculture:inferium_essence":5,"minecraft:spruce_planks":6,"minecraft:beef":3,"minecraft:spruce_slab":3,"ae2:flawed_budding_quartz":3,"minecraft:egg":1,"minecraft:tipped_arrow":1,"minecraft:raw_iron":4,"minecraft:stick":2,"apotheosis:gem":5,"iceandfire:dragonbone":5,"minecraft:torch":10,"minecraft:spruce_stairs":3,"minecraft:porkchop":8,"minecraft:diorite":1,"mekanism:raw_tin":6,"iceandfire:dragon_skull_ice":2,"minecraft:tnt":2,"minecraft:arrow":1,"minecraft:rotten_flesh":10,"ae2:certus_quartz_dust":4,"minecraft:hay_block":6,"minecraft:white_wool":23,"minecraft:cobblestone":318,"immersiveengineering:dust_copper":1,"minecraft:birch_log":10,"minecraft:feather":1,"vampirism:item_tent":2,"minecraft:iron_door":1,"minecraft:andesite":48,"minecraft:leather":3,"biomesoplenty:fir_sapling":5,"biomesoplenty:fir_log":25,"iceandfire:ectoplasm":1,"minecraft:dirt":26,"minecraft:bone":2,"minecraft:iron_ingot":1,"theoneprobe:probenote":4,"minecraft:oak_planks":2,"minecraft:book":18,"minecraft:cooked_porkchop":2,"minecraft:sweet_berries":15,"patchouli:guide_book":1,"vampirism:fire_place":1,"cyclic:flower_absalon_tulip":1,"minecraft:white_bed":2,"minecraft:lily_of_the_valley":1,"ae2:quartz_block":4,"mekanism:raw_osmium":3,"minecraft:bundle":1,"immersiveengineering:seed":1,"ae2:chipped_budding_quartz":1,"minecraft:iron_helmet":1,"minecraft:granite":14,"minecraft:emerald":2,"ae2:engineering_processor_press":1,"biomesoplenty:pink_daffodil":1,"minecraft:coal":39},"minecraft:custom":{"minecraft:mob_kills":20,"minecraft:interact_with_anvil":1,"minecraft:interact_with_crafting_table":17,"minecraft:damage_dealt_resisted":0,"minecraft:leave_game":1,"minecraft:time_since_death":134689,"minecraft:climb_one_cm":11806,"minecraft:damage_resisted":0,"minecraft:sprint_one_cm":928795,"minecraft:walk_one_cm":1257490,"minecraft:drop":33,"minecraft:talked_to_villager":2,"minecraft:play_time":184876,"minecraft:deaths":4,"minecraft:sneak_time":3933,"minecraft:walk_under_water_one_cm":24435,"minecraft:jump":2027,"minecraft:walk_on_water_one_cm":51927,"minecraft:total_world_time":184876,"minecraft:interact_with_furnace":44,"tombstone:raider_killed":2,"minecraft:sleep_in_bed":10,"minecraft:time_since_rest":6890,"minecraft:waystone_activated":5,"minecraft:damage_taken":2227,"minecraft:trigger_trapped_chest":3,"minecraft:damage_dealt":5067,"minecraft:swim_one_cm":215956,"minecraft:fly_one_cm":557213,"minecraft:player_kills":1,"minecraft:open_chest":52,"minecraft:crouch_one_cm":17549,"tombstone:undead_killed":10,"minecraft:fall_one_cm":35664}},"DataVersion":3465}