{"stats":{"minecraft:crafted":{"minecraft:cooked_mutton":12,"minecraft:ladder":3,"minecraft:stone_pickaxe":1,"minecraft:chest":2,"minecraft:birch_door":3,"minecraft:cooked_beef":3,"minecraft:cooked_porkchop":9,"minecraft:crafting_table":2,"minecraft:wooden_pickaxe":1,"minecraft:bucket":1,"minecraft:birch_planks":40,"minecraft:air":0,"biomesoplenty:fir_planks":100,"minecraft:stick":16,"minecraft:stone_sword":1,"minecraft:white_bed":2,"minecraft:torch":12},"minecraft:used":{"minecraft:stone_sword":126,"securitycraft:keypad_chest":1,"minecraft:ladder":2,"iceandfire:dragon_skull_ice":2,"minecraft:chest":2,"minecraft:iron_chestplate":1,"minecraft:torch":15,"minecraft:birch_door":1,"vampirism:item_tent":2,"biomesoplenty:fir_sapling":5,"minecraft:iron_axe":59,"minecraft:sweet_berries":13,"tombstone:gift":1,"minecraft:cooked_beef":3,"minecraft:iron_leggings":1,"minecraft:cooked_mutton":8,"vampirism:fire_place":1,"minecraft:diorite":1,"minecraft:birch_planks":2,"minecraft:stone_pickaxe":129,"minecraft:wooden_pickaxe":39,"minecraft:cookie":21,"minecraft:white_wool":2,"minecraft:crafting_table":2,"minecraft:white_bed":4,"minecraft:cobblestone":60,"minecraft:cooked_porkchop":8,"alexsmobs:animal_dictionary":1},"minecraft:mined":{"minecraft:dark_oak_planks":1,"minecraft:spruce_planks":1,"terraqueous:doodad_branch":1,"minecraft:white_bed":2,"minecraft:hay_block":6,"ae2:damaged_budding_quartz":2,"vampirism:tent":1,"minecraft:dark_oak_stairs":1,"minecraft:bookshelf":5,"minecraft:stone":136,"minecraft:white_wool":2,"minecraft:potted_lily_of_the_valley":1,"vampirism:tent_main":1,"minecraft:powder_snow":26,"minecraft:crafting_table":1,"minecraft:torch":1,"minecraft:cobblestone":4,"biomesoplenty:sprout":2,"minecraft:iron_door":1,"minecraft:wall_torch":8,"minecraft:spruce_stairs":2,"minecraft:birch_planks":1,"ae2:flawless_budding_quartz":2,"ae2:medium_quartz_bud":1,"minecraft:sweet_berry_bush":7,"minecraft:spruce_log":3,"minecraft:tnt":2,"biomesoplenty:fir_log":26,"ae2:flawed_budding_quartz":1,"minecraft:grass":3,"minecraft:coal_ore":20,"ae2:small_quartz_bud":1,"vampirism:fire_place":1},"minecraft:killed":{"enemyexpansion:goblin_fear":1,"minecraft:skeleton":1,"minecraft:pig":4,"enemyexpansion:sprinter":3,"minecraft:squid":1,"minecraft:pillager":2,"minecraft:zombie":4,"iceandfire:ghost":1,"minecraft:cow":1},"minecraft:killed_by":{"minecraft:player":4},"minecraft:dropped":{"biomesoplenty:pink_daffodil":1,"minecraft:cooked_porkchop":3,"minecraft:feather":1,"minecraft:cookie":26,"minecraft:leather":1,"minecraft:spruce_stairs":3,"minecraft:item_frame":2,"minecraft:torch":2,"theoneprobe:probenote":4,"minecraft:bucket":1,"minecraft:bone":2,"minecraft:sweet_berries":3,"cyclic:flower_absalon_tulip":1,"minecraft:oak_planks":1,"cyclic:flower_lime_carnation":2,"vampirism:armor_of_swiftness_chest_ultimate":1,"minecraft:lily_of_the_valley":1,"minecraft:spruce_planks":1,"minecraft:stone_brick_wall":1,"minecraft:ladder":1,"minecraft:spruce_slab":3,"minecraft:arrow":1,"minecraft:stone_brick_stairs":1,"minecraft:egg":1},"minecraft:picked_up":{"minecraft:stone_brick_wall":1,"ae2:silicon_press":1,"minecraft:stone_brick_stairs":1,"minecraft:iron_axe":1,"minecraft:iron_leggings":1,"minecraft:item_frame":4,"cyclic:flower_lime_carnation":2,"mysticalagriculture:inferium_essence":4,"minecraft:spruce_planks":6,"minecraft:beef":3,"minecraft:spruce_slab":3,"ae2:flawed_budding_quartz":3,"minecraft:egg":1,"minecraft:tipped_arrow":1,"minecraft:stick":2,"apotheosis:gem":5,"iceandfire:dragonbone":5,"minecraft:torch":10,"minecraft:spruce_stairs":3,"minecraft:porkchop":8,"minecraft:diorite":1,"iceandfire:dragon_skull_ice":2,"minecraft:tnt":2,"minecraft:arrow":1,"minecraft:rotten_flesh":10,"ae2:certus_quartz_dust":4,"minecraft:hay_block":6,"minecraft:white_wool":23,"minecraft:cobblestone":136,"immersiveengineering:dust_copper":1,"minecraft:birch_log":10,"minecraft:feather":1,"vampirism:item_tent":2,"minecraft:iron_door":1,"minecraft:leather":3,"biomesoplenty:fir_sapling":5,"biomesoplenty:fir_log":25,"iceandfire:ectoplasm":1,"minecraft:bone":2,"minecraft:iron_ingot":1,"theoneprobe:probenote":4,"minecraft:oak_planks":2,"minecraft:book":18,"minecraft:cooked_porkchop":2,"minecraft:sweet_berries":15,"patchouli:guide_book":1,"vampirism:fire_place":1,"cyclic:flower_absalon_tulip":1,"minecraft:white_bed":2,"minecraft:lily_of_the_valley":1,"ae2:quartz_block":4,"minecraft:bundle":1,"ae2:chipped_budding_quartz":1,"minecraft:iron_helmet":1,"minecraft:emerald":2,"ae2:engineering_processor_press":1,"biomesoplenty:pink_daffodil":1,"minecraft:coal":20},"minecraft:custom":{"minecraft:mob_kills":18,"minecraft:interact_with_anvil":1,"minecraft:interact_with_crafting_table":14,"minecraft:damage_dealt_resisted":0,"minecraft:leave_game":1,"minecraft:time_since_death":92689,"minecraft:climb_one_cm":5195,"minecraft:damage_resisted":0,"minecraft:sprint_one_cm":794563,"minecraft:walk_one_cm":1077495,"minecraft:drop":33,"minecraft:talked_to_villager":1,"minecraft:play_time":142876,"minecraft:deaths":4,"minecraft:sneak_time":3032,"minecraft:walk_under_water_one_cm":19321,"minecraft:jump":1616,"minecraft:walk_on_water_one_cm":49186,"minecraft:total_world_time":142876,"minecraft:interact_with_furnace":39,"tombstone:raider_killed":2,"minecraft:sleep_in_bed":8,"minecraft:time_since_rest":1236,"minecraft:waystone_activated":5,"minecraft:damage_taken":2145,"minecraft:trigger_trapped_chest":2,"minecraft:damage_dealt":4787,"minecraft:swim_one_cm":215956,"minecraft:fly_one_cm":421574,"minecraft:player_kills":1,"minecraft:open_chest":42,"minecraft:crouch_one_cm":14805,"tombstone:undead_killed":9,"minecraft:fall_one_cm":31292}},"DataVersion":3465}