{
  "storagedrawers:recipes/storagedrawers/one_stack_upgrade": {
    "criteria": {
      "has_template": "2024-07-14 00:11:51 +0000"
    },
    "done": true
  },
  "storagedrawers:recipes/storagedrawers/diamond_storage_upgrade": {
    "criteria": {
      "has_template": "2024-07-14 00:11:51 +0000"
    },
    "done": true
  },
  "storagedrawers:recipes/storagedrawers/illumination_upgrade": {
    "criteria": {
      "has_template": "2024-07-14 00:11:51 +0000"
    },
    "done": true
  },
  "mekanism:root": {
    "criteria": {
      "automatic": "2024-07-14 00:11:51 +0000"
    },
    "done": true
  },
  "storagedrawers:recipes/storagedrawers/acacia_trim": {
    "criteria": {
      "has_planks": "2024-07-14 00:11:51 +0000"
    },
    "done": true
  },
  "storagedrawers:recipes/storagedrawers/crimson_trim": {
    "criteria": {
      "has_planks": "2024-07-14 00:11:51 +0000"
    },
    "done": true
  },
  "storagedrawers:recipes/storagedrawers/concealment_key": {
    "criteria": {
      "has_template": "2024-07-14 00:11:51 +0000"
    },
    "done": true
  },
  "storagedrawers:recipes/storagedrawers/drawer_key": {
    "criteria": {
      "has_template": "2024-07-14 00:11:51 +0000"
    },
    "done": true
  },
  "storagedrawers:recipes/storagedrawers/min_redstone_upgrade": {
    "criteria": {
      "has_template": "2024-07-14 00:11:51 +0000"
    },
    "done": true
  },
  "storagedrawers:recipes/storagedrawers/gold_storage_upgrade": {
    "criteria": {
      "has_template": "2024-07-14 00:11:51 +0000"
    },
    "done": true
  },
  "storagedrawers:recipes/storagedrawers/birch_trim": {
    "criteria": {
      "has_planks": "2024-07-14 00:11:51 +0000"
    },
    "done": true
  },
  "storagedrawers:recipes/storagedrawers/void_upgrade": {
    "criteria": {
      "has_template": "2024-07-14 00:11:51 +0000"
    },
    "done": true
  },
  "storagedrawers:recipes/storagedrawers/warped_trim": {
    "criteria": {
      "has_planks": "2024-07-14 00:11:51 +0000"
    },
    "done": true
  },
  "storagedrawers:recipes/storagedrawers/jungle_trim": {
    "criteria": {
      "has_planks": "2024-07-14 00:11:51 +0000"
    },
    "done": true
  },
  "storagedrawers:recipes/storagedrawers/fill_level_upgrade": {
    "criteria": {
      "has_template": "2024-07-14 00:11:51 +0000"
    },
    "done": true
  },
  "storagedrawers:recipes/storagedrawers/max_redstone_upgrade": {
    "criteria": {
      "has_template": "2024-07-14 00:11:51 +0000"
    },
    "done": true
  },
  "storagedrawers:recipes/storagedrawers/redstone_upgrade": {
    "criteria": {
      "has_template": "2024-07-14 00:11:51 +0000"
    },
    "done": true
  },
  "storagedrawers:recipes/storagedrawers/spruce_trim": {
    "criteria": {
      "has_planks": "2024-07-14 00:11:51 +0000"
    },
    "done": true
  },
  "storagedrawers:recipes/storagedrawers/quantify_key": {
    "criteria": {
      "has_template": "2024-07-14 00:11:51 +0000"
    },
    "done": true
  },
  "storagedrawers:recipes/storagedrawers/dark_oak_trim": {
    "criteria": {
      "has_planks": "2024-07-14 00:11:51 +0000"
    },
    "done": true
  },
  "storagedrawers:recipes/storagedrawers/oak_trim": {
    "criteria": {
      "has_planks": "2024-07-14 00:11:51 +0000"
    },
    "done": true
  },
  "ironfurnaces:coal": {
    "criteria": {
      "rainbowcoal": "2024-07-14 00:11:51 +0000"
    },
    "done": true
  },
  "storagedrawers:recipes/storagedrawers/emerald_storage_upgrade": {
    "criteria": {
      "has_template": "2024-07-14 00:11:51 +0000"
    },
    "done": true
  },
  "storagedrawers:recipes/storagedrawers/obsidian_storage_upgrade": {
    "criteria": {
      "has_template": "2024-07-14 00:11:51 +0000"
    },
    "done": true
  },
  "storagedrawers:recipes/storagedrawers/iron_storage_upgrade": {
    "criteria": {
      "has_template": "2024-07-14 00:11:51 +0000"
    },
    "done": true
  },
  "minecraft:recipes/decorations/crafting_table": {
    "criteria": {
      "unlock_right_away": "2024-07-14 00:11:52 +0000"
    },
    "done": true
  },
  "iceandfire:iceandfire/root": {
    "criteria": {
      "tick": "2024-07-14 00:11:52 +0000"
    },
    "done": true
  },
  "betterdungeons:root": {
    "criteria": {
      "always": "2024-07-14 00:11:52 +0000"
    },
    "done": true
  },
  "rats:root": {
    "criteria": {
      "tick": "2024-07-14 00:11:52 +0000"
    },
    "done": true
  },
  "cataclysm:root": {
    "criteria": {
      "custom_test_name": "2024-07-14 00:11:52 +0000"
    },
    "done": true
  },
  "apotheosis:give_book": {
    "criteria": {
      "tick": "2024-07-14 00:11:52 +0000"
    },
    "done": true
  },
  "tombstone:adventure/root": {
    "criteria": {
      "auto": "2024-07-14 00:11:53 +0000"
    },
    "done": true
  },
  "minecraft:adventure/adventuring_time": {
    "criteria": {
      "minecraft:birch_forest": "2024-07-14 02:23:05 +0000",
      "minecraft:river": "2024-07-14 02:31:03 +0000",
      "minecraft:forest": "2024-07-14 03:24:58 +0000",
      "minecraft:old_growth_birch_forest": "2024-07-14 00:11:53 +0000"
    },
    "done": false
  },
  "minecraft:recipes/misc/iron_nugget_from_smelting": {
    "criteria": {
      "has_iron_axe": "2024-07-14 00:13:53 +0000"
    },
    "done": true
  },
  "rats:recipes/misc/upgrades/lumberjack_upgrade": {
    "criteria": {
      "has_axe": "2024-07-14 00:13:53 +0000"
    },
    "done": true
  },
  "minecraft:recipes/misc/iron_nugget_from_blasting": {
    "criteria": {
      "has_iron_axe": "2024-07-14 00:13:53 +0000"
    },
    "done": true
  },
  "minecraft:recipes/building_blocks/birch_wood": {
    "criteria": {
      "has_log": "2024-07-14 00:14:33 +0000"
    },
    "done": true
  },
  "mcwdoors:recipes/birch": {
    "criteria": {
      "has_wood": "2024-07-14 00:14:33 +0000"
    },
    "done": true
  },
  "vampirism:recipes/decorations/general/fire_place": {
    "criteria": {
      "has_logs": "2024-07-14 00:14:33 +0000"
    },
    "done": true
  },
  "chiselsandbits:recipes/tools/bit_storage": {
    "criteria": {
      "has_l": "2024-07-14 00:14:33 +0000"
    },
    "done": true
  },
  "minecraft:recipes/building_blocks/birch_planks": {
    "criteria": {
      "has_logs": "2024-07-14 00:14:33 +0000"
    },
    "done": true
  },
  "minecraft:recipes/misc/charcoal": {
    "criteria": {
      "has_log": "2024-07-14 00:14:33 +0000"
    },
    "done": true
  },
  "chiselsandbits:recipes/tools/chiseled_printer": {
    "criteria": {
      "has_l": "2024-07-14 00:14:33 +0000"
    },
    "done": true
  },
  "securitycraft:recipes/misc/sc_manual": {
    "criteria": {
      "has_wood": "2024-07-14 00:14:33 +0000"
    },
    "done": true
  },
  "chiselsandbits:recipes/tools/modification_table": {
    "criteria": {
      "has_b": "2024-07-14 00:14:33 +0000"
    },
    "done": true
  },
  "minecraft:recipes/decorations/ladder": {
    "criteria": {
      "has_stick": "2024-07-14 00:14:36 +0000"
    },
    "done": true
  },
  "securitycraft:recipes/redstone/reinforced_birch_fence_gate": {
    "criteria": {
      "has_stick": "2024-07-14 00:14:36 +0000"
    },
    "done": true
  },
  "securitycraft:recipes/misc/motion_activated_light": {
    "criteria": {
      "has_stick": "2024-07-14 00:14:36 +0000"
    },
    "done": true
  },
  "securitycraft:recipes/redstone/reinforced_jungle_fence_gate": {
    "criteria": {
      "has_stick": "2024-07-14 00:14:36 +0000"
    },
    "done": true
  },
  "chiselsandbits:recipes/tools/magnifying_glass": {
    "criteria": {
      "has_s": "2024-07-14 00:14:36 +0000"
    },
    "done": true
  },
  "immersiveengineering:recipes/misc/crafting/torch": {
    "criteria": {
      "has_stick": "2024-07-14 00:14:36 +0000"
    },
    "done": true
  },
  "securitycraft:recipes/redstone/reinforced_spruce_fence_gate": {
    "criteria": {
      "has_stick": "2024-07-14 00:14:36 +0000"
    },
    "done": true
  },
  "chiselsandbits:recipes/tools/chisel_diamond": {
    "criteria": {
      "has_rod": "2024-07-14 00:14:36 +0000"
    },
    "done": true
  },
  "securitycraft:recipes/redstone/reinforced_bamboo_fence_gate": {
    "criteria": {
      "has_stick": "2024-07-14 00:14:36 +0000"
    },
    "done": true
  },
  "minecraft:recipes/tools/wooden_hoe": {
    "criteria": {
      "has_stick": "2024-07-14 00:14:36 +0000"
    },
    "done": true
  },
  "minecraft:recipes/tools/wooden_shovel": {
    "criteria": {
      "has_stick": "2024-07-14 00:14:36 +0000"
    },
    "done": true
  },
  "securitycraft:recipes/redstone/reinforced_dark_oak_fence_gate": {
    "criteria": {
      "has_stick": "2024-07-14 00:14:36 +0000"
    },
    "done": true
  },
  "vampirism:recipes/combat/hunter/crucifix": {
    "criteria": {
      "stick": "2024-07-14 00:14:36 +0000"
    },
    "done": true
  },
  "chiselsandbits:recipes/tools/chisel_gold": {
    "criteria": {
      "has_rod": "2024-07-14 00:14:36 +0000"
    },
    "done": true
  },
  "securitycraft:recipes/misc/reinforced_birch_fence": {
    "criteria": {
      "has_stick": "2024-07-14 00:14:36 +0000"
    },
    "done": true
  },
  "securitycraft:recipes/misc/reinforced_dark_oak_fence": {
    "criteria": {
      "has_stick": "2024-07-14 00:14:36 +0000"
    },
    "done": true
  },
  "securitycraft:recipes/misc/reinforced_oak_fence": {
    "criteria": {
      "has_stick": "2024-07-14 00:14:36 +0000"
    },
    "done": true
  },
  "securitycraft:recipes/redstone/reinforced_oak_fence_gate": {
    "criteria": {
      "has_stick": "2024-07-14 00:14:36 +0000"
    },
    "done": true
  },
  "securitycraft:recipes/misc/reinforced_bamboo_fence": {
    "criteria": {
      "has_stick": "2024-07-14 00:14:36 +0000"
    },
    "done": true
  },
  "securitycraft:recipes/misc/reinforced_crimson_fence": {
    "criteria": {
      "has_stick": "2024-07-14 00:14:36 +0000"
    },
    "done": true
  },
  "ae2:recipes/misc/network/blocks/crank": {
    "criteria": {
      "has_stick": "2024-07-14 00:14:36 +0000"
    },
    "done": true
  },
  "rats:recipes/tools/cheese_stick": {
    "criteria": {
      "has_stick": "2024-07-14 00:14:36 +0000"
    },
    "done": true
  },
  "rats:recipes/tools/radius_stick": {
    "criteria": {
      "has_stick": "2024-07-14 00:14:36 +0000"
    },
    "done": true
  },
  "securitycraft:recipes/misc/reinforced_jungle_fence": {
    "criteria": {
      "has_stick": "2024-07-14 00:14:36 +0000"
    },
    "done": true
  },
  "securitycraft:recipes/misc/reinforced_warped_fence": {
    "criteria": {
      "has_stick": "2024-07-14 00:14:36 +0000"
    },
    "done": true
  },
  "securitycraft:recipes/redstone/reinforced_cherry_fence_gate": {
    "criteria": {
      "has_stick": "2024-07-14 00:14:36 +0000"
    },
    "done": true
  },
  "securitycraft:recipes/redstone/reinforced_acacia_fence_gate": {
    "criteria": {
      "has_stick": "2024-07-14 00:14:36 +0000"
    },
    "done": true
  },
  "securitycraft:recipes/misc/reinforced_cherry_fence": {
    "criteria": {
      "has_stick": "2024-07-14 00:14:36 +0000"
    },
    "done": true
  },
  "securitycraft:recipes/redstone/reinforced_warped_fence_gate": {
    "criteria": {
      "has_stick": "2024-07-14 00:14:36 +0000"
    },
    "done": true
  },
  "chiselsandbits:recipes/tools/chisel_iron": {
    "criteria": {
      "has_rod": "2024-07-14 00:14:36 +0000"
    },
    "done": true
  },
  "securitycraft:recipes/redstone/reinforced_mangrove_fence_gate": {
    "criteria": {
      "has_stick": "2024-07-14 00:14:36 +0000"
    },
    "done": true
  },
  "rats:recipes/tools/patrol_stick": {
    "criteria": {
      "has_stick": "2024-07-14 00:14:36 +0000"
    },
    "done": true
  },
  "chiselsandbits:recipes/tools/chisel_stone": {
    "criteria": {
      "has_rod": "2024-07-14 00:14:36 +0000"
    },
    "done": true
  },
  "securitycraft:recipes/misc/reinforced_spruce_fence": {
    "criteria": {
      "has_stick": "2024-07-14 00:14:36 +0000"
    },
    "done": true
  },
  "securitycraft:recipes/redstone/reinforced_crimson_fence_gate": {
    "criteria": {
      "has_stick": "2024-07-14 00:14:37 +0000"
    },
    "done": true
  },
  "minecraft:recipes/tools/wooden_axe": {
    "criteria": {
      "has_stick": "2024-07-14 00:14:37 +0000"
    },
    "done": true
  },
  "securitycraft:recipes/misc/reinforced_acacia_fence": {
    "criteria": {
      "has_stick": "2024-07-14 00:14:37 +0000"
    },
    "done": true
  },
  "vampirism:recipes/decorations/general/throne": {
    "criteria": {
      "has_stick": "2024-07-14 00:14:37 +0000"
    },
    "done": true
  },
  "minecraft:recipes/decorations/campfire": {
    "criteria": {
      "has_stick": "2024-07-14 00:14:37 +0000"
    },
    "done": true
  },
  "securitycraft:recipes/misc/sonic_security_system": {
    "criteria": {
      "has_stick": "2024-07-14 00:14:37 +0000"
    },
    "done": true
  },
  "minecraft:recipes/combat/wooden_sword": {
    "criteria": {
      "has_stick": "2024-07-14 00:14:37 +0000"
    },
    "done": true
  },
  "vampirism:recipes/combat/hunter/stake": {
    "criteria": {
      "has_sticks": "2024-07-14 00:14:37 +0000"
    },
    "done": true
  },
  "minecraft:recipes/tools/wooden_pickaxe": {
    "criteria": {
      "has_stick": "2024-07-14 00:14:37 +0000"
    },
    "done": true
  },
  "securitycraft:recipes/misc/reinforced_mangrove_fence": {
    "criteria": {
      "has_stick": "2024-07-14 00:14:37 +0000"
    },
    "done": true
  },
  "tombstone:adventure/first_grave": {
    "criteria": {
      "coded_trigger": "2024-07-14 00:15:05 +0000"
    },
    "done": true
  },
  "tombstone:recipes/from_grave_key": {
    "criteria": {
      "has_ingredient": "2024-07-14 00:15:07 +0000"
    },
    "done": true
  },
  "tombstone:adventure/cancel_ghostly_shape": {
    "criteria": {
      "coded_trigger": "2024-07-14 00:15:13 +0000"
    },
    "done": true
  },
  "ironchest:recipes/decorations/chests/vanilla_dirt_chest": {
    "criteria": {
      "has_iron_ingot": "2024-07-14 00:15:13 +0000"
    },
    "done": true
  },
  "minecraft:recipes/decorations/chest": {
    "criteria": {
      "has_lots_of_items": "2024-07-14 00:15:19 +0000"
    },
    "done": true
  },
  "tombstone:recipes/from_grave_dust": {
    "criteria": {
      "has_ingredient": "2024-07-14 00:15:19 +0000"
    },
    "done": true
  },
  "minecraft:recipes/building_blocks/quartz_slab": {
    "criteria": {
      "has_quartz_block": "2024-07-14 01:33:04 +0000"
    },
    "done": true
  },
  "minecraft:recipes/building_blocks/quartz_bricks": {
    "criteria": {
      "has_quartz_block": "2024-07-14 01:33:04 +0000"
    },
    "done": true
  },
  "minecraft:recipes/building_blocks/quartz_stairs": {
    "criteria": {
      "has_quartz_block": "2024-07-14 01:33:04 +0000"
    },
    "done": true
  },
  "handcrafted:recipes/misc/quartz_pillar_trim": {
    "criteria": {
      "has_quartz_pillar_trim": "2024-07-14 01:33:04 +0000"
    },
    "done": true
  },
  "minecraft:recipes/building_blocks/chiseled_quartz_block_from_quartz_block_stonecutting": {
    "criteria": {
      "has_quartz_block": "2024-07-14 01:33:04 +0000"
    },
    "done": true
  },
  "minecraft:recipes/building_blocks/quartz_slab_from_stonecutting": {
    "criteria": {
      "has_quartz_block": "2024-07-14 01:33:04 +0000"
    },
    "done": true
  },
  "handcrafted:recipes/misc/quartz_corner_trim": {
    "criteria": {
      "has_quartz_corner_trim": "2024-07-14 01:33:04 +0000"
    },
    "done": true
  },
  "minecraft:recipes/building_blocks/quartz_pillar_from_quartz_block_stonecutting": {
    "criteria": {
      "has_quartz_block": "2024-07-14 01:33:04 +0000"
    },
    "done": true
  },
  "minecraft:recipes/building_blocks/quartz_pillar": {
    "criteria": {
      "has_quartz_block": "2024-07-14 01:33:04 +0000"
    },
    "done": true
  },
  "minecraft:recipes/building_blocks/quartz_stairs_from_quartz_block_stonecutting": {
    "criteria": {
      "has_quartz_block": "2024-07-14 01:33:04 +0000"
    },
    "done": true
  },
  "minecraft:recipes/building_blocks/smooth_quartz": {
    "criteria": {
      "has_quartz_block": "2024-07-14 01:33:04 +0000"
    },
    "done": true
  },
  "minecraft:recipes/building_blocks/chiseled_quartz_block": {
    "criteria": {
      "has_quartz_block": "2024-07-14 01:33:04 +0000"
    },
    "done": true
  },
  "minecraft:recipes/building_blocks/quartz_bricks_from_quartz_block_stonecutting": {
    "criteria": {
      "has_quartz_block": "2024-07-14 01:33:04 +0000"
    },
    "done": true
  },
  "minecraft:recipes/decorations/deepslate_brick_wall_from_deepslate_bricks_stonecutting": {
    "criteria": {
      "has_deepslate_bricks": "2024-07-14 01:33:26 +0000"
    },
    "done": true
  },
  "minecraft:recipes/building_blocks/deepslate_tile_stairs_from_deepslate_bricks_stonecutting": {
    "criteria": {
      "has_deepslate_bricks": "2024-07-14 01:33:26 +0000"
    },
    "done": true
  },
  "minecraft:recipes/building_blocks/deepslate_brick_stairs": {
    "criteria": {
      "has_deepslate_bricks": "2024-07-14 01:33:26 +0000"
    },
    "done": true
  },
  "minecraft:recipes/decorations/deepslate_tile_wall_from_deepslate_bricks_stonecutting": {
    "criteria": {
      "has_deepslate_bricks": "2024-07-14 01:33:26 +0000"
    },
    "done": true
  },
  "minecraft:recipes/decorations/deepslate_brick_wall": {
    "criteria": {
      "has_deepslate_bricks": "2024-07-14 01:33:26 +0000"
    },
    "done": true
  },
  "minecraft:recipes/building_blocks/cracked_deepslate_bricks": {
    "criteria": {
      "has_deepslate_bricks": "2024-07-14 01:33:26 +0000"
    },
    "done": true
  },
  "minecraft:recipes/building_blocks/deepslate_brick_slab_from_deepslate_bricks_stonecutting": {
    "criteria": {
      "has_deepslate_bricks": "2024-07-14 01:33:26 +0000"
    },
    "done": true
  },
  "minecraft:recipes/building_blocks/deepslate_tiles": {
    "criteria": {
      "has_deepslate_bricks": "2024-07-14 01:33:26 +0000"
    },
    "done": true
  },
  "minecraft:recipes/building_blocks/deepslate_brick_stairs_from_deepslate_bricks_stonecutting": {
    "criteria": {
      "has_deepslate_bricks": "2024-07-14 01:33:26 +0000"
    },
    "done": true
  },
  "minecraft:recipes/building_blocks/deepslate_tiles_from_deepslate_bricks_stonecutting": {
    "criteria": {
      "has_deepslate_bricks": "2024-07-14 01:33:26 +0000"
    },
    "done": true
  },
  "minecraft:recipes/building_blocks/deepslate_brick_slab": {
    "criteria": {
      "has_deepslate_bricks": "2024-07-14 01:33:26 +0000"
    },
    "done": true
  },
  "minecraft:recipes/building_blocks/deepslate_tile_slab_from_deepslate_bricks_stonecutting": {
    "criteria": {
      "has_deepslate_bricks": "2024-07-14 01:33:26 +0000"
    },
    "done": true
  },
  "twilightforest:recipes/building_blocks/nagastone/nagastone_spiral": {
    "criteria": {
      "has_item": "2024-07-14 01:34:46 +0000"
    },
    "done": true
  },
  "minecraft:recipes/misc/red_dye_from_rose_bush": {
    "criteria": {
      "has_rose_bush": "2024-07-14 01:35:45 +0000"
    },
    "done": true
  },
  "rats:recipes/misc/upgrades/gardener_upgrade": {
    "criteria": {
      "has_flower": "2024-07-14 01:35:45 +0000"
    },
    "done": true
  },
  "rats:recipes/food/herb_bundle": {
    "criteria": {
      "has_flower": "2024-07-14 01:35:45 +0000"
    },
    "done": true
  },
  "securitycraft:recipes/misc/sentry": {
    "criteria": {
      "has_iron": "2024-07-14 01:36:14 +0000"
    },
    "done": true
  },
  "rats:recipes/misc/upgrades/armor_upgrade": {
    "criteria": {
      "has_iron": "2024-07-14 01:36:14 +0000"
    },
    "done": true
  },
  "vampirism:recipes/decorations/hunter/item_med_chair": {
    "criteria": {
      "has_iron_ingot": "2024-07-14 01:36:14 +0000"
    },
    "done": true
  },
  "ae2:recipes/misc/decorative/light_detector": {
    "criteria": {
      "has_iron_ingot": "2024-07-14 01:36:14 +0000"
    },
    "done": true
  },
  "ironchest:recipes/decorations/upgrades/wood_to_iron_chest_upgrade": {
    "criteria": {
      "has_iron_ingot": "2024-07-14 01:36:14 +0000"
    },
    "done": true
  },
  "minecraft:recipes/combat/iron_helmet": {
    "criteria": {
      "has_iron_ingot": "2024-07-14 01:36:14 +0000"
    },
    "done": true
  },
  "rats:recipes/misc/upgrades/strength_upgrade": {
    "criteria": {
      "has_iron": "2024-07-14 01:36:14 +0000"
    },
    "done": true
  },
  "handcrafted:recipes/misc/hammer": {
    "criteria": {
      "has_hammer": "2024-07-14 01:36:14 +0000"
    },
    "done": true
  },
  "securitycraft:recipes/decorations/floor_trap": {
    "criteria": {
      "has_iron": "2024-07-14 01:36:14 +0000"
    },
    "done": true
  },
  "immersiveengineering:recipes/misc/crafting/connector_hv": {
    "criteria": {
      "has_aluminum_ingot": "2024-07-14 01:36:14 +0000"
    },
    "done": true
  },
  "securitycraft:recipes/misc/storage_module": {
    "criteria": {
      "has_iron": "2024-07-14 01:36:14 +0000"
    },
    "done": true
  },
  "ironchest:recipes/decorations/chests/copper_iron_chest": {
    "criteria": {
      "has_iron_ingot": "2024-07-14 01:36:14 +0000"
    },
    "done": true
  },
  "minecraft:recipes/tools/shears": {
    "criteria": {
      "has_iron_ingot": "2024-07-14 01:36:14 +0000"
    },
    "done": true
  },
  "vampirism:recipes/combat/weapontable/crucifix_enhanced": {
    "criteria": {
      "iron": "2024-07-14 01:36:14 +0000"
    },
    "done": true
  },
  "vampirism:recipes/misc/vampire/blood_infused_iron_ingot": {
    "criteria": {
      "has_iron": "2024-07-14 01:36:14 +0000"
    },
    "done": true
  },
  "minecraft:recipes/building_blocks/iron_block": {
    "criteria": {
      "has_iron_ingot": "2024-07-14 01:36:14 +0000"
    },
    "done": true
  },
  "securitycraft:recipes/transportation/track_mine": {
    "criteria": {
      "has_iron": "2024-07-14 01:36:14 +0000"
    },
    "done": true
  },
  "securitycraft:recipes/misc/whitelist_module": {
    "criteria": {
      "has_iron": "2024-07-14 01:36:14 +0000"
    },
    "done": true
  },
  "vampirism:recipes/decorations/vampire/altar_tip": {
    "criteria": {
      "has_iron": "2024-07-14 01:36:14 +0000"
    },
    "done": true
  },
  "securitycraft:recipes/misc/security_camera": {
    "criteria": {
      "has_iron": "2024-07-14 01:36:14 +0000"
    },
    "done": true
  },
  "vampirism:recipes/decorations/vampire/blood_container": {
    "criteria": {
      "has_iron": "2024-07-14 01:36:14 +0000"
    },
    "done": true
  },
  "minecraft:recipes/redstone/hopper": {
    "criteria": {
      "has_iron_ingot": "2024-07-14 01:36:14 +0000"
    },
    "done": true
  },
  "securitycraft:recipes/misc/briefcase": {
    "criteria": {
      "has_iron": "2024-07-14 01:36:14 +0000"
    },
    "done": true
  },
  "securitycraft:recipes/redstone/reinforced_fence_gate": {
    "criteria": {
      "has_iron": "2024-07-14 01:36:14 +0000"
    },
    "done": true
  },
  "securitycraft:recipes/misc/electrified_iron_fence": {
    "criteria": {
      "has_iron": "2024-07-14 01:36:14 +0000"
    },
    "done": true
  },
  "securitycraft:recipes/misc/keycard_lv5": {
    "criteria": {
      "has_iron": "2024-07-14 01:36:14 +0000"
    },
    "done": true
  },
  "securitycraft:recipes/misc/keycard_lv3": {
    "criteria": {
      "has_iron": "2024-07-14 01:36:14 +0000"
    },
    "done": true
  },
  "securitycraft:recipes/misc/keycard_lv4": {
    "criteria": {
      "has_iron": "2024-07-14 01:36:14 +0000"
    },
    "done": true
  },
  "securitycraft:recipes/misc/keycard_lv1": {
    "criteria": {
      "has_iron": "2024-07-14 01:36:14 +0000"
    },
    "done": true
  },
  "securitycraft:recipes/misc/keycard_lv2": {
    "criteria": {
      "has_iron": "2024-07-14 01:36:14 +0000"
    },
    "done": true
  },
  "minecraft:recipes/combat/iron_boots": {
    "criteria": {
      "has_iron_ingot": "2024-07-14 01:36:14 +0000"
    },
    "done": true
  },
  "minecraft:recipes/decorations/lantern": {
    "criteria": {
      "has_iron_ingot": "2024-07-14 01:36:14 +0000"
    },
    "done": true
  },
  "securitycraft:recipes/misc/mine": {
    "criteria": {
      "has_iron": "2024-07-14 01:36:14 +0000"
    },
    "done": true
  },
  "minecraft:recipes/tools/iron_shovel": {
    "criteria": {
      "has_iron_ingot": "2024-07-14 01:36:14 +0000"
    },
    "done": true
  },
  "mcwdoors:recipes/metal": {
    "criteria": {
      "has_wood": "2024-07-14 01:36:14 +0000"
    },
    "done": true
  },
  "immersiveengineering:recipes/misc/crafting/coil_mv": {
    "criteria": {
      "has_iron_ingot": "2024-07-14 01:36:14 +0000"
    },
    "done": true
  },
  "immersiveengineering:recipes/misc/crafting/coil_lv": {
    "criteria": {
      "has_iron_ingot": "2024-07-14 01:36:14 +0000"
    },
    "done": true
  },
  "immersiveengineering:recipes/misc/crafting/screwdriver": {
    "criteria": {
      "has_iron_ingot": "2024-07-14 01:36:14 +0000"
    },
    "done": true
  },
  "ironchest:recipes/decorations/upgrades/copper_to_iron_chest_upgrade": {
    "criteria": {
      "has_iron_ingot": "2024-07-14 01:36:14 +0000"
    },
    "done": true
  },
  "ironchest:recipes/decorations/chests/vanilla_iron_chest": {
    "criteria": {
      "has_iron_ingot": "2024-07-14 01:36:14 +0000"
    },
    "done": true
  },
  "securitycraft:recipes/misc/trophy_system": {
    "criteria": {
      "has_iron": "2024-07-14 01:36:14 +0000"
    },
    "done": true
  },
  "minecraft:recipes/redstone/iron_trapdoor": {
    "criteria": {
      "has_iron_ingot": "2024-07-14 01:36:14 +0000"
    },
    "done": true
  },
  "immersiveengineering:recipes/misc/crafting/component_iron": {
    "criteria": {
      "has_iron_ingot": "2024-07-14 01:36:14 +0000"
    },
    "done": true
  },
  "vampirism:recipes/decorations/hunter/weapon_table": {
    "criteria": {
      "has_iron_ingot": "2024-07-14 01:36:14 +0000"
    },
    "done": true
  },
  "minecraft:recipes/combat/crossbow": {
    "criteria": {
      "has_iron_ingot": "2024-07-14 01:36:14 +0000"
    },
    "done": true
  },
  "securitycraft:recipes/misc/speed_module": {
    "criteria": {
      "has_iron": "2024-07-14 01:36:14 +0000"
    },
    "done": true
  },
  "securitycraft:recipes/misc/camera_monitor": {
    "criteria": {
      "has_iron": "2024-07-14 01:36:14 +0000"
    },
    "done": true
  },
  "immersiveengineering:recipes/misc/crafting/connector_hv_relay": {
    "criteria": {
      "has_aluminum_ingot": "2024-07-14 01:36:14 +0000"
    },
    "done": true
  },
  "securitycraft:recipes/misc/redstone_module": {
    "criteria": {
      "has_iron": "2024-07-14 01:36:14 +0000"
    },
    "done": true
  },
  "securitycraft:recipes/misc/door_indestructible_iron_item": {
    "criteria": {
      "has_iron": "2024-07-14 01:36:14 +0000"
    },
    "done": true
  },
  "securitycraft:recipes/tools/universal_block_remover": {
    "criteria": {
      "has_iron": "2024-07-14 01:36:14 +0000"
    },
    "done": true
  },
  "minecraft:recipes/redstone/heavy_weighted_pressure_plate": {
    "criteria": {
      "has_iron_ingot": "2024-07-14 01:36:14 +0000"
    },
    "done": true
  },
  "minecraft:recipes/combat/iron_leggings": {
    "criteria": {
      "has_iron_ingot": "2024-07-14 01:36:14 +0000"
    },
    "done": true
  },
  "vampirism:recipes/decorations/general/grave_cage": {
    "criteria": {
      "has_iron": "2024-07-14 01:36:14 +0000"
    },
    "done": true
  },
  "immersiveengineering:recipes/misc/crafting/plate_iron_hammering": {
    "criteria": {
      "has_iron_ingot": "2024-07-14 01:36:14 +0000"
    },
    "done": true
  },
  "securitycraft:recipes/misc/blacklist_module": {
    "criteria": {
      "has_iron": "2024-07-14 01:36:14 +0000"
    },
    "done": true
  },
  "rats:recipes/misc/upgrades/crossbow_upgrade": {
    "criteria": {
      "has_iron": "2024-07-14 01:36:14 +0000"
    },
    "done": true
  },
  "minecraft:recipes/combat/iron_chestplate": {
    "criteria": {
      "has_iron_ingot": "2024-07-14 01:36:14 +0000"
    },
    "done": true
  },
  "rats:recipes/misc/rat_wheel": {
    "criteria": {
      "has_iron": "2024-07-14 01:36:14 +0000"
    },
    "done": true
  },
  "easy_mob_farm:recipes/building_blocks/iron_mob_farm_template_from_iron_glass_and_hopper": {
    "criteria": {
      "has_iron_ingot": "2024-07-14 01:36:14 +0000"
    },
    "done": true
  },
  "securitycraft:recipes/misc/limited_use_keycard": {
    "criteria": {
      "has_iron": "2024-07-14 01:36:14 +0000"
    },
    "done": true
  },
  "securitycraft:recipes/misc/bouncing_betty": {
    "criteria": {
      "has_iron": "2024-07-14 01:36:14 +0000"
    },
    "done": true
  },
  "minecraft:recipes/misc/iron_nugget": {
    "criteria": {
      "has_iron_ingot": "2024-07-14 01:36:14 +0000"
    },
    "done": true
  },
  "minecraft:recipes/misc/bucket": {
    "criteria": {
      "has_iron_ingot": "2024-07-14 01:36:14 +0000"
    },
    "done": true
  },
  "securitycraft:recipes/misc/disguise_module": {
    "criteria": {
      "has_iron": "2024-07-14 01:36:14 +0000"
    },
    "done": true
  },
  "chiselsandbits:recipes/tools/measuring_tape": {
    "criteria": {
      "has_i": "2024-07-14 01:36:14 +0000"
    },
    "done": true
  },
  "minecraft:recipes/transportation/minecart": {
    "criteria": {
      "has_iron_ingot": "2024-07-14 01:36:14 +0000"
    },
    "done": true
  },
  "minecraft:recipes/tools/iron_hoe": {
    "criteria": {
      "has_iron_ingot": "2024-07-14 01:36:14 +0000"
    },
    "done": true
  },
  "securitycraft:recipes/redstone/block_change_detector": {
    "criteria": {
      "has_iron": "2024-07-14 01:36:14 +0000"
    },
    "done": true
  },
  "immersiveengineering:recipes/misc/crafting/drillhead_iron": {
    "criteria": {
      "has_iron_ingot": "2024-07-14 01:36:14 +0000"
    },
    "done": true
  },
  "minecraft:story/smelt_iron": {
    "criteria": {
      "iron": "2024-07-14 01:36:14 +0000"
    },
    "done": true
  },
  "immersiveengineering:recipes/misc/crafting/stick_iron": {
    "criteria": {
      "has_iron_ingot": "2024-07-14 01:36:14 +0000"
    },
    "done": true
  },
  "vampirism:recipes/misc/vampire/blood_infused_enhanced_iron_ingot": {
    "criteria": {
      "has_iron": "2024-07-14 01:36:14 +0000"
    },
    "done": true
  },
  "minecraft:recipes/decorations/chain": {
    "criteria": {
      "has_iron_ingot": "2024-07-14 01:36:14 +0000"
    },
    "done": true
  },
  "minecraft:recipes/decorations/smithing_table": {
    "criteria": {
      "has_iron_ingot": "2024-07-14 01:36:14 +0000"
    },
    "done": true
  },
  "vampirism:recipes/decorations/vampire/candelabra": {
    "criteria": {
      "has_iron": "2024-07-14 01:36:14 +0000"
    },
    "done": true
  },
  "rats:recipes/tools/rat_whistle": {
    "criteria": {
      "has_iron": "2024-07-14 01:36:14 +0000"
    },
    "done": true
  },
  "immersiveengineering:recipes/misc/crafting/toolbox": {
    "criteria": {
      "has_iron_ingot": "2024-07-14 01:36:14 +0000"
    },
    "done": true
  },
  "rats:recipes/building_blocks/trash_can": {
    "criteria": {
      "has_ingot": "2024-07-14 01:36:14 +0000"
    },
    "done": true
  },
  "minecraft:recipes/combat/iron_sword": {
    "criteria": {
      "has_iron_ingot": "2024-07-14 01:36:14 +0000"
    },
    "done": true
  },
  "minecraft:recipes/tools/iron_pickaxe": {
    "criteria": {
      "has_iron_ingot": "2024-07-14 01:36:14 +0000"
    },
    "done": true
  },
  "minecraft:recipes/combat/shield": {
    "criteria": {
      "has_iron_ingot": "2024-07-14 01:36:14 +0000"
    },
    "done": true
  },
  "minecraft:recipes/decorations/iron_bars": {
    "criteria": {
      "has_iron_ingot": "2024-07-14 01:36:14 +0000"
    },
    "done": true
  },
  "justhammers:recipes/tools/iron_hammer": {
    "criteria": {
      "has_material": "2024-07-14 01:36:14 +0000"
    },
    "done": true
  },
  "rats:recipes/building_blocks/rat_cage": {
    "criteria": {
      "has_ingot": "2024-07-14 01:36:14 +0000"
    },
    "done": true
  },
  "securitycraft:recipes/misc/harming_module": {
    "criteria": {
      "has_iron": "2024-07-14 01:36:14 +0000"
    },
    "done": true
  },
  "rats:recipes/decorations/rat_trap": {
    "criteria": {
      "has_iron": "2024-07-14 01:36:14 +0000"
    },
    "done": true
  },
  "handcrafted:recipes/misc/bench": {
    "criteria": {
      "has_bench": "2024-07-14 01:36:14 +0000"
    },
    "done": true
  },
  "immersiveengineering:recipes/misc/crafting/hammer": {
    "criteria": {
      "has_iron_ingot": "2024-07-14 01:36:14 +0000"
    },
    "done": true
  },
  "vampirism:recipes/decorations/hunter/alchemical_cauldron": {
    "criteria": {
      "has_iron": "2024-07-14 01:36:14 +0000"
    },
    "done": true
  },
  "securitycraft:recipes/misc/smart_module": {
    "criteria": {
      "has_iron": "2024-07-14 01:36:14 +0000"
    },
    "done": true
  },
  "vampirism:recipes/combat/hunter/crossbow_arrow_normal": {
    "criteria": {
      "has_iron_ingot": "2024-07-14 01:36:14 +0000"
    },
    "done": true
  },
  "ironchest:recipes/decorations/upgrades/iron_to_gold_chest_upgrade": {
    "criteria": {
      "has_iron_ingot": "2024-07-14 01:36:14 +0000"
    },
    "done": true
  },
  "rats:recipes/misc/upgrades/platter_upgrade": {
    "criteria": {
      "has_iron": "2024-07-14 01:36:14 +0000"
    },
    "done": true
  },
  "vampirism:recipes/decorations/vampire/candelabra_candles": {
    "criteria": {
      "has_iron": "2024-07-14 01:36:14 +0000"
    },
    "done": true
  },
  "minecraft:recipes/tools/iron_axe": {
    "criteria": {
      "has_iron_ingot": "2024-07-14 01:36:14 +0000"
    },
    "done": true
  },
  "immersiveengineering:recipes/misc/crafting/wirecutter": {
    "criteria": {
      "has_iron_ingot": "2024-07-14 01:36:14 +0000"
    },
    "done": true
  },
  "rechiseled:recipes/misc/chisel": {
    "criteria": {
      "recipe_condition": "2024-07-14 01:36:14 +0000"
    },
    "done": true
  },
  "minecraft:recipes/redstone/iron_door": {
    "criteria": {
      "has_iron_ingot": "2024-07-14 01:36:14 +0000"
    },
    "done": true
  },
  "rats:recipes/building_blocks/rat_crafting_table": {
    "criteria": {
      "has_table": "2024-07-14 01:36:24 +0000"
    },
    "done": true
  },
  "rats:recipes/building_blocks/rat_quarry": {
    "criteria": {
      "has_table": "2024-07-14 01:36:24 +0000"
    },
    "done": true
  },
  "rats:recipes/misc/upgrades/crafting_upgrade": {
    "criteria": {
      "has_table": "2024-07-14 01:36:24 +0000"
    },
    "done": true
  },
  "easy_mob_farm:crafting/root": {
    "criteria": {
      "crafting_table": "2024-07-14 01:36:24 +0000"
    },
    "done": true
  },
  "minecraft:story/root": {
    "criteria": {
      "crafting_table": "2024-07-14 01:36:24 +0000"
    },
    "done": true
  },
  "rats:recipes/building_blocks/rat_attractor": {
    "criteria": {
      "has_lantern": "2024-07-14 01:39:00 +0000"
    },
    "done": true
  },
  "rats:recipes/building_blocks/jack_o_ratern": {
    "criteria": {
      "has_torch": "2024-07-14 01:40:00 +0000"
    },
    "done": true
  },
  "minecraft:adventure/root": {
    "criteria": {
      "killed_something": "2024-07-14 01:41:18 +0000"
    },
    "done": true
  },
  "minecraft:adventure/kill_all_mobs": {
    "criteria": {
      "minecraft:zombie": "2024-07-14 01:43:07 +0000"
    },
    "done": false
  },
  "minecraft:adventure/kill_a_mob": {
    "criteria": {
      "minecraft:zombie": "2024-07-14 01:43:07 +0000"
    },
    "done": true
  },
  "vampirism:recipes/alchemy_table/alchemy_table/vampire_blood_oil": {
    "criteria": {
      "has_wheat_seeds": "2024-07-14 01:46:19 +0000"
    },
    "done": true
  },
  "securitycraft:recipes/transportation/birch_security_sea_boat": {
    "criteria": {
      "has_keypad_chest": "2024-07-14 02:12:18 +0000"
    },
    "done": true
  },
  "securitycraft:recipes/transportation/mangrove_security_sea_boat": {
    "criteria": {
      "has_keypad_chest": "2024-07-14 02:12:18 +0000"
    },
    "done": true
  },
  "securitycraft:recipes/transportation/bamboo_security_sea_raft": {
    "criteria": {
      "has_keypad_chest": "2024-07-14 02:12:18 +0000"
    },
    "done": true
  },
  "securitycraft:recipes/transportation/cherry_security_sea_boat": {
    "criteria": {
      "has_keypad_chest": "2024-07-14 02:12:18 +0000"
    },
    "done": true
  },
  "securitycraft:recipes/transportation/jungle_security_sea_boat": {
    "criteria": {
      "has_keypad_chest": "2024-07-14 02:12:18 +0000"
    },
    "done": true
  },
  "securitycraft:recipes/transportation/spruce_security_sea_boat": {
    "criteria": {
      "has_keypad_chest": "2024-07-14 02:12:18 +0000"
    },
    "done": true
  },
  "securitycraft:recipes/transportation/dark_oak_security_sea_boat": {
    "criteria": {
      "has_keypad_chest": "2024-07-14 02:12:18 +0000"
    },
    "done": true
  },
  "securitycraft:recipes/transportation/acacia_security_sea_boat": {
    "criteria": {
      "has_keypad_chest": "2024-07-14 02:12:18 +0000"
    },
    "done": true
  },
  "securitycraft:recipes/transportation/oak_security_sea_boat": {
    "criteria": {
      "has_keypad_chest": "2024-07-14 02:12:18 +0000"
    },
    "done": true
  },
  "minecraft:story/obtain_armor": {
    "criteria": {
      "iron_helmet": "2024-07-14 02:16:18 +0000"
    },
    "done": true
  },
  "biomesoplenty:recipes/transportation/willow_boat": {
    "criteria": {
      "in_water": "2024-07-14 02:46:37 +0000"
    },
    "done": true
  },
  "minecraft:adventure/sleep_in_bed": {
    "criteria": {
      "slept_in_bed": "2024-07-14 02:46:37 +0000"
    },
    "done": true
  },
  "minecraft:recipes/transportation/cherry_boat": {
    "criteria": {
      "in_water": "2024-07-14 02:46:37 +0000"
    },
    "done": true
  },
  "biomesoplenty:recipes/transportation/umbran_boat": {
    "criteria": {
      "in_water": "2024-07-14 02:46:37 +0000"
    },
    "done": true
  },
  "minecraft:recipes/transportation/bamboo_raft": {
    "criteria": {
      "in_water": "2024-07-14 02:46:37 +0000"
    },
    "done": true
  },
  "biomesoplenty:recipes/transportation/dead_boat": {
    "criteria": {
      "in_water": "2024-07-14 02:46:37 +0000"
    },
    "done": true
  },
  "biomesoplenty:recipes/transportation/magic_boat": {
    "criteria": {
      "in_water": "2024-07-14 02:46:37 +0000"
    },
    "done": true
  },
  "minecraft:recipes/transportation/acacia_boat": {
    "criteria": {
      "in_water": "2024-07-14 02:46:37 +0000"
    },
    "done": true
  },
  "minecraft:recipes/transportation/jungle_boat": {
    "criteria": {
      "in_water": "2024-07-14 02:46:37 +0000"
    },
    "done": true
  },
  "twilightforest:recipes/transportation/twilight_oak_boat": {
    "criteria": {
      "in_water": "2024-07-14 02:46:37 +0000"
    },
    "done": true
  },
  "twilightforest:recipes/transportation/time_boat": {
    "criteria": {
      "in_water": "2024-07-14 02:46:37 +0000"
    },
    "done": true
  },
  "twilightforest:recipes/transportation/mining_boat": {
    "criteria": {
      "in_water": "2024-07-14 02:46:37 +0000"
    },
    "done": true
  },
  "twilightforest:recipes/transportation/mangrove_boat": {
    "criteria": {
      "in_water": "2024-07-14 02:46:37 +0000"
    },
    "done": true
  },
  "biomesoplenty:recipes/transportation/fir_boat": {
    "criteria": {
      "in_water": "2024-07-14 02:46:37 +0000"
    },
    "done": true
  },
  "twilightforest:recipes/transportation/transformation_boat": {
    "criteria": {
      "in_water": "2024-07-14 02:46:37 +0000"
    },
    "done": true
  },
  "minecraft:recipes/transportation/spruce_boat": {
    "criteria": {
      "in_water": "2024-07-14 02:46:37 +0000"
    },
    "done": true
  },
  "minecraft:recipes/transportation/birch_boat": {
    "criteria": {
      "in_water": "2024-07-14 02:46:37 +0000"
    },
    "done": true
  },
  "minecraft:recipes/transportation/oak_boat": {
    "criteria": {
      "in_water": "2024-07-14 02:46:37 +0000"
    },
    "done": true
  },
  "vampirism:recipes/transportation/cursed_spruce_boat": {
    "criteria": {
      "in_water": "2024-07-14 02:46:37 +0000"
    },
    "done": true
  },
  "biomesoplenty:recipes/transportation/redwood_boat": {
    "criteria": {
      "in_water": "2024-07-14 02:46:37 +0000"
    },
    "done": true
  },
  "minecraft:recipes/transportation/mangrove_boat": {
    "criteria": {
      "in_water": "2024-07-14 02:46:37 +0000"
    },
    "done": true
  },
  "biomesoplenty:recipes/transportation/hellbark_boat": {
    "criteria": {
      "in_water": "2024-07-14 02:46:37 +0000"
    },
    "done": true
  },
  "biomesoplenty:recipes/transportation/jacaranda_boat": {
    "criteria": {
      "in_water": "2024-07-14 02:46:37 +0000"
    },
    "done": true
  },
  "twilightforest:recipes/transportation/canopy_boat": {
    "criteria": {
      "in_water": "2024-07-14 02:46:37 +0000"
    },
    "done": true
  },
  "biomesoplenty:recipes/transportation/mahogany_boat": {
    "criteria": {
      "in_water": "2024-07-14 02:46:37 +0000"
    },
    "done": true
  },
  "twilightforest:recipes/transportation/dark_boat": {
    "criteria": {
      "in_water": "2024-07-14 02:46:37 +0000"
    },
    "done": true
  },
  "vampirism:recipes/transportation/dark_spruce_boat": {
    "criteria": {
      "in_water": "2024-07-14 02:46:37 +0000"
    },
    "done": true
  },
  "biomesoplenty:recipes/transportation/palm_boat": {
    "criteria": {
      "in_water": "2024-07-14 02:46:37 +0000"
    },
    "done": true
  },
  "twilightforest:recipes/transportation/sorting_boat": {
    "criteria": {
      "in_water": "2024-07-14 02:46:37 +0000"
    },
    "done": true
  },
  "minecraft:recipes/transportation/dark_oak_boat": {
    "criteria": {
      "in_water": "2024-07-14 02:46:37 +0000"
    },
    "done": true
  },
  "minecraft:recipes/decorations/polished_deepslate_wall": {
    "criteria": {
      "has_polished_deepslate": "2024-07-14 02:55:47 +0000"
    },
    "done": true
  },
  "minecraft:recipes/building_blocks/deepslate_bricks": {
    "criteria": {
      "has_polished_deepslate": "2024-07-14 02:55:47 +0000"
    },
    "done": true
  },
  "minecraft:recipes/building_blocks/polished_deepslate_slab": {
    "criteria": {
      "has_polished_deepslate": "2024-07-14 02:55:47 +0000"
    },
    "done": true
  },
  "vampirism:recipes/decorations/general/tombstone2": {
    "criteria": {
      "has_stone": "2024-07-14 02:55:47 +0000"
    },
    "done": true
  },
  "minecraft:recipes/building_blocks/polished_deepslate_slab_from_polished_deepslate_stonecutting": {
    "criteria": {
      "has_polished_deepslate": "2024-07-14 02:55:47 +0000"
    },
    "done": true
  },
  "minecraft:recipes/building_blocks/deepslate_tile_slab_from_polished_deepslate_stonecutting": {
    "criteria": {
      "has_polished_deepslate": "2024-07-14 02:55:47 +0000"
    },
    "done": true
  },
  "minecraft:recipes/decorations/deepslate_brick_wall_from_polished_deepslate_stonecutting": {
    "criteria": {
      "has_polished_deepslate": "2024-07-14 02:55:47 +0000"
    },
    "done": true
  },
  "minecraft:recipes/building_blocks/polished_deepslate_stairs": {
    "criteria": {
      "has_polished_deepslate": "2024-07-14 02:55:47 +0000"
    },
    "done": true
  },
  "rats:recipes/misc/upgrades/disenchanter_upgrade": {
    "criteria": {
      "has_shelf": "2024-07-14 02:55:47 +0000"
    },
    "done": true
  },
  "minecraft:recipes/building_blocks/deepslate_tile_stairs_from_polished_deepslate_stonecutting": {
    "criteria": {
      "has_polished_deepslate": "2024-07-14 02:55:47 +0000"
    },
    "done": true
  },
  "minecraft:recipes/building_blocks/polished_deepslate_stairs_from_polished_deepslate_stonecutting": {
    "criteria": {
      "has_polished_deepslate": "2024-07-14 02:55:47 +0000"
    },
    "done": true
  },
  "minecraft:recipes/building_blocks/deepslate_bricks_from_polished_deepslate_stonecutting": {
    "criteria": {
      "has_polished_deepslate": "2024-07-14 02:55:47 +0000"
    },
    "done": true
  },
  "minecraft:recipes/decorations/deepslate_tile_wall_from_polished_deepslate_stonecutting": {
    "criteria": {
      "has_polished_deepslate": "2024-07-14 02:55:47 +0000"
    },
    "done": true
  },
  "minecraft:recipes/building_blocks/deepslate_brick_slab_from_polished_deepslate_stonecutting": {
    "criteria": {
      "has_polished_deepslate": "2024-07-14 02:55:47 +0000"
    },
    "done": true
  },
  "minecraft:recipes/decorations/polished_deepslate_wall_from_polished_deepslate_stonecutting": {
    "criteria": {
      "has_polished_deepslate": "2024-07-14 02:55:47 +0000"
    },
    "done": true
  },
  "minecraft:recipes/building_blocks/deepslate_tiles_from_polished_deepslate_stonecutting": {
    "criteria": {
      "has_polished_deepslate": "2024-07-14 02:55:47 +0000"
    },
    "done": true
  },
  "minecraft:recipes/building_blocks/deepslate_brick_stairs_from_polished_deepslate_stonecutting": {
    "criteria": {
      "has_polished_deepslate": "2024-07-14 02:55:47 +0000"
    },
    "done": true
  },
  "minecraft:recipes/decorations/barrel": {
    "criteria": {
      "has_wood_slab": "2024-07-14 03:02:08 +0000"
    },
    "done": true
  },
  "handcrafted:recipes/misc/wood_cup": {
    "criteria": {
      "has_wood_cup": "2024-07-14 03:02:08 +0000"
    },
    "done": true
  },
  "minecraft:recipes/decorations/composter": {
    "criteria": {
      "has_wood_slab": "2024-07-14 03:02:08 +0000"
    },
    "done": true
  },
  "twilightforest:recipes/decorations/wood/cherry_banister": {
    "criteria": {
      "has_item": "2024-07-14 03:02:08 +0000"
    },
    "done": true
  },
  "handcrafted:recipes/misc/wood_bowl": {
    "criteria": {
      "has_wood_bowl": "2024-07-14 03:02:08 +0000"
    },
    "done": true
  },
  "handcrafted:recipes/misc/wood_plate": {
    "criteria": {
      "has_wood_plate": "2024-07-14 03:02:08 +0000"
    },
    "done": true
  },
  "vampirism:recipes/decorations/vampire/blood_pedestal": {
    "criteria": {
      "has_gold": "2024-07-14 03:29:32 +0000"
    },
    "done": true
  },
  "rats:recipes/misc/hammocks/rat_hammock_magenta": {
    "criteria": {
      "has_string": "2024-07-14 03:20:12 +0000"
    },
    "done": true
  },
  "minecraft:recipes/food/cooked_chicken_from_campfire_cooking": {
    "criteria": {
      "has_chicken": "2024-07-14 03:24:12 +0000"
    },
    "done": true
  },
  "minecraft:recipes/food/cooked_mutton_from_smoking": {
    "criteria": {
      "has_mutton": "2024-07-14 03:24:15 +0000"
    },
    "done": true
  },
  "rats:cheese": {
    "criteria": {
      "get_cheese": "2024-07-14 03:32:12 +0000"
    },
    "done": true
  },
  "minecraft:recipes/redstone/birch_button": {
    "criteria": {
      "has_planks": "2024-07-14 03:22:07 +0000"
    },
    "done": true
  },
  "minecraft:recipes/tools/golden_axe": {
    "criteria": {
      "has_gold_ingot": "2024-07-14 03:29:32 +0000"
    },
    "done": true
  },
  "minecraft:recipes/tools/golden_pickaxe": {
    "criteria": {
      "has_gold_ingot": "2024-07-14 03:29:32 +0000"
    },
    "done": true
  },
  "immersiveengineering:recipes/misc/crafting/blueprint_bannerpatterns": {
    "criteria": {
      "has_paper": "2024-07-14 03:26:42 +0000"
    },
    "done": true
  },
  "evilcraft:root": {
    "criteria": {
      "criteria_0": "2024-07-14 03:21:23 +0000"
    },
    "done": true
  },
  "minecraft:recipes/misc/gold_nugget": {
    "criteria": {
      "has_gold_ingot": "2024-07-14 03:29:32 +0000"
    },
    "done": true
  },
  "minecraft:recipes/tools/golden_shovel": {
    "criteria": {
      "has_gold_ingot": "2024-07-14 03:29:32 +0000"
    },
    "done": true
  },
  "minecraft:story/mine_stone": {
    "criteria": {
      "get_stone": "2024-07-14 03:22:23 +0000"
    },
    "done": true
  },
  "vampirism:recipes/combat/vampire/vampire_clothing_crown": {
    "criteria": {
      "has_gold": "2024-07-14 03:29:32 +0000"
    },
    "done": true
  },
  "minecraft:recipes/decorations/furnace": {
    "criteria": {
      "has_cobblestone": "2024-07-14 03:22:23 +0000"
    },
    "done": true
  },
  "minecraft:recipes/food/golden_apple": {
    "criteria": {
      "has_gold_ingot": "2024-07-14 03:29:32 +0000"
    },
    "done": true
  },
  "minecraft:recipes/redstone/birch_door": {
    "criteria": {
      "has_planks": "2024-07-14 03:22:07 +0000"
    },
    "done": true
  },
  "minecraft:recipes/decorations/birch_fence": {
    "criteria": {
      "has_planks": "2024-07-14 03:22:07 +0000"
    },
    "done": true
  },
  "minecraft:recipes/combat/golden_boots": {
    "criteria": {
      "has_gold_ingot": "2024-07-14 03:29:32 +0000"
    },
    "done": true
  },
  "handcrafted:recipes/misc/birch_shelf": {
    "criteria": {
      "has_birch_shelf": "2024-07-14 03:22:07 +0000"
    },
    "done": true
  },
  "rats:recipes/misc/upgrades/basic_mount_upgrade": {
    "criteria": {
      "has_cheese": "2024-07-14 03:32:12 +0000"
    },
    "done": true
  },
  "rats:recipes/misc/hammocks/rat_hammock_brown": {
    "criteria": {
      "has_string": "2024-07-14 03:20:12 +0000"
    },
    "done": true
  },
  "securitycraft:recipes/building_blocks/reinforced_andesite_with_vanilla_diorite": {
    "criteria": {
      "has_cobblestone": "2024-07-14 03:22:23 +0000"
    },
    "done": true
  },
  "minecraft:recipes/misc/stick": {
    "criteria": {
      "has_planks": "2024-07-14 03:22:07 +0000"
    },
    "done": true
  },
  "minecraft:recipes/brewing/golden_carrot": {
    "criteria": {
      "has_gold_nugget": "2024-07-14 03:27:03 +0000"
    },
    "done": true
  },
  "securitycraft:recipes/building_blocks/reinforced_packed_mud": {
    "criteria": {
      "has_wheat": "2024-07-14 03:28:34 +0000"
    },
    "done": true
  },
  "rats:recipes/food/cooked_rat_smelting": {
    "criteria": {
      "has_rat": "2024-07-14 03:30:53 +0000"
    },
    "done": true
  },
  "minecraft:recipes/building_blocks/cobblestone_slab_from_cobblestone_stonecutting": {
    "criteria": {
      "has_cobblestone": "2024-07-14 03:22:23 +0000"
    },
    "done": true
  },
  "minecraft:recipes/decorations/birch_sign": {
    "criteria": {
      "has_planks": "2024-07-14 03:22:07 +0000"
    },
    "done": true
  },
  "minecraft:recipes/combat/golden_chestplate": {
    "criteria": {
      "has_gold_ingot": "2024-07-14 03:29:32 +0000"
    },
    "done": true
  },
  "rats:rat_cage": {
    "criteria": {
      "get_cage": "2024-07-14 03:27:27 +0000"
    },
    "done": true
  },
  "handcrafted:recipes/misc/birch_nightstand": {
    "criteria": {
      "has_birch_nightstand": "2024-07-14 03:22:07 +0000"
    },
    "done": true
  },
  "minecraft:recipes/redstone/tripwire_hook": {
    "criteria": {
      "has_string": "2024-07-14 03:20:12 +0000"
    },
    "done": true
  },
  "minecraft:recipes/redstone/birch_fence_gate": {
    "criteria": {
      "has_planks": "2024-07-14 03:22:07 +0000"
    },
    "done": true
  },
  "handcrafted:recipes/misc/birch_table": {
    "criteria": {
      "has_birch_table": "2024-07-14 03:22:07 +0000"
    },
    "done": true
  },
  "minecraft:recipes/building_blocks/stone": {
    "criteria": {
      "has_cobblestone": "2024-07-14 03:22:23 +0000"
    },
    "done": true
  },
  "handcrafted:recipes/misc/white_sheet": {
    "criteria": {
      "has_white_sheet": "2024-07-14 03:24:15 +0000"
    },
    "done": true
  },
  "rats:recipes/misc/upgrades/basic_energy_upgrade": {
    "criteria": {
      "has_gold": "2024-07-14 03:29:32 +0000"
    },
    "done": true
  },
  "rats:recipes/combat/chef_toque": {
    "criteria": {
      "has_string": "2024-07-14 03:20:12 +0000"
    },
    "done": true
  },
  "securitycraft:recipes/building_blocks/reinforced_andesite_with_vanilla_cobblestone": {
    "criteria": {
      "has_cobblestone": "2024-07-14 03:22:23 +0000"
    },
    "done": true
  },
  "minecraft:recipes/decorations/candle": {
    "criteria": {
      "has_string": "2024-07-14 03:20:12 +0000"
    },
    "done": true
  },
  "minecraft:recipes/food/bread": {
    "criteria": {
      "has_wheat": "2024-07-14 03:28:34 +0000"
    },
    "done": true
  },
  "minecraft:recipes/building_blocks/birch_slab": {
    "criteria": {
      "has_planks": "2024-07-14 03:22:07 +0000"
    },
    "done": true
  },
  "rats:recipes/misc/hammocks/rat_hammock_gray": {
    "criteria": {
      "has_string": "2024-07-14 03:20:12 +0000"
    },
    "done": true
  },
  "minecraft:recipes/building_blocks/hay_block": {
    "criteria": {
      "has_wheat": "2024-07-14 03:28:34 +0000"
    },
    "done": true
  },
  "minecraft:recipes/redstone/target": {
    "criteria": {
      "has_hay_block": "2024-07-14 03:28:30 +0000"
    },
    "done": true
  },
  "rats:recipes/misc/upgrades/farmer_upgrade": {
    "criteria": {
      "has_bale": "2024-07-14 03:28:30 +0000"
    },
    "done": true
  },
  "handcrafted:recipes/misc/salmon_trophy": {
    "criteria": {
      "has_salmon_trophy": "2024-07-14 03:22:07 +0000"
    },
    "done": true
  },
  "tombstone:adventure/first_knowledge": {
    "criteria": {
      "coded_trigger": "2024-07-14 03:06:07 +0000"
    },
    "done": true
  },
  "rats:recipes/misc/upgrades/bottler_upgrade": {
    "criteria": {
      "has_string": "2024-07-14 03:20:12 +0000"
    },
    "done": true
  },
  "rats:recipes/misc/upgrades/asbestos_upgrade": {
    "criteria": {
      "has_wool": "2024-07-14 03:24:15 +0000"
    },
    "done": true
  },
  "rats:recipes/misc/hammocks/rat_hammock_light_gray": {
    "criteria": {
      "has_string": "2024-07-14 03:20:12 +0000"
    },
    "done": true
  },
  "handcrafted:recipes/misc/silverfish_trophy": {
    "criteria": {
      "has_silverfish_trophy": "2024-07-14 03:22:07 +0000"
    },
    "done": true
  },
  "minecraft:recipes/redstone/light_weighted_pressure_plate": {
    "criteria": {
      "has_gold_ingot": "2024-07-14 03:29:32 +0000"
    },
    "done": true
  },
  "rats:recipes/misc/hammocks/rat_hammock_purple": {
    "criteria": {
      "has_string": "2024-07-14 03:20:12 +0000"
    },
    "done": true
  },
  "minecraft:recipes/building_blocks/birch_stairs": {
    "criteria": {
      "has_planks": "2024-07-14 03:22:07 +0000"
    },
    "done": true
  },
  "rats:recipes/combat/fisherman_hat": {
    "criteria": {
      "has_string": "2024-07-14 03:20:12 +0000"
    },
    "done": true
  },
  "handcrafted:recipes/misc/bear_trophy": {
    "criteria": {
      "has_bear_trophy": "2024-07-14 03:22:07 +0000"
    },
    "done": true
  },
  "rats:recipes/combat/piper_hat": {
    "criteria": {
      "has_feather": "2024-07-14 03:24:08 +0000"
    },
    "done": true
  },
  "handcrafted:recipes/misc/birch_cupboard": {
    "criteria": {
      "has_birch_cupboard": "2024-07-14 03:22:07 +0000"
    },
    "done": true
  },
  "rats:recipes/building_blocks/block_of_cheese": {
    "criteria": {
      "has_cheese": "2024-07-14 03:32:12 +0000"
    },
    "done": true
  },
  "minecraft:recipes/tools/stone_pickaxe": {
    "criteria": {
      "has_cobblestone": "2024-07-14 03:22:23 +0000"
    },
    "done": true
  },
  "iceandfire:iceandfire/bestiary": {
    "criteria": {
      "bestiary": "2024-07-14 03:26:33 +0000"
    },
    "done": true
  },
  "immersiveengineering:recipes/misc/crafting/blueprint_bullets": {
    "criteria": {
      "has_paper": "2024-07-14 03:26:42 +0000"
    },
    "done": true
  },
  "minecraft:recipes/food/cooked_chicken_from_smoking": {
    "criteria": {
      "has_chicken": "2024-07-14 03:24:12 +0000"
    },
    "done": true
  },
  "rats:recipes/misc/hammocks/rat_hammock_orange": {
    "criteria": {
      "has_string": "2024-07-14 03:20:12 +0000"
    },
    "done": true
  },
  "handcrafted:recipes/misc/birch_side_table": {
    "criteria": {
      "has_birch_side_table": "2024-07-14 03:22:07 +0000"
    },
    "done": true
  },
  "rats:recipes/combat/halo_hat": {
    "criteria": {
      "has_nugget": "2024-07-14 03:27:03 +0000"
    },
    "done": true
  },
  "vampirism:recipes/decorations/vampire/chandelier": {
    "criteria": {
      "has_string": "2024-07-14 03:20:12 +0000"
    },
    "done": true
  },
  "rats:recipes/misc/upgrades/jury_rigged_upgrade": {
    "criteria": {
      "has_string": "2024-07-14 03:20:12 +0000"
    },
    "done": true
  },
  "ironchest:recipes/decorations/chests/iron_gold_chest": {
    "criteria": {
      "has_gold_ingot": "2024-07-14 03:29:32 +0000"
    },
    "done": true
  },
  "biomesoplenty:biomesoplenty/root": {
    "criteria": {
      "orchard": "2024-07-14 03:26:00 +0000"
    },
    "done": true
  },
  "apotheosis:affix/gem": {
    "criteria": {
      "gem": "2024-07-14 03:20:24 +0000"
    },
    "done": true
  },
  "handcrafted:recipes/misc/birch_counter": {
    "criteria": {
      "has_birch_counter": "2024-07-14 03:22:07 +0000"
    },
    "done": true
  },
  "rats:recipes/food/cooked_rat_campfire": {
    "criteria": {
      "has_rat": "2024-07-14 03:30:53 +0000"
    },
    "done": true
  },
  "rats:recipes/misc/upgrades/angel_upgrade": {
    "criteria": {
      "has_gold": "2024-07-14 03:29:32 +0000"
    },
    "done": true
  },
  "handcrafted:recipes/misc/goat_trophy": {
    "criteria": {
      "has_goat_trophy": "2024-07-14 03:22:07 +0000"
    },
    "done": true
  },
  "iceandfire:recipes/food/gold_pile": {
    "criteria": {
      "has_item": "2024-07-14 03:27:03 +0000"
    },
    "done": true
  },
  "rats:recipes/misc/rat_and_crossbones_banner_pattern": {
    "criteria": {
      "has_paper": "2024-07-14 03:26:42 +0000"
    },
    "done": true
  },
  "minecraft:recipes/combat/golden_sword": {
    "criteria": {
      "has_gold_ingot": "2024-07-14 03:29:32 +0000"
    },
    "done": true
  },
  "minecraft:recipes/building_blocks/cobblestone_slab": {
    "criteria": {
      "has_cobblestone": "2024-07-14 03:22:23 +0000"
    },
    "done": true
  },
  "rats:recipes/misc/hammocks/rat_hammock_blue": {
    "criteria": {
      "has_string": "2024-07-14 03:20:12 +0000"
    },
    "done": true
  },
  "easy_mob_farm:recipes/building_blocks/gold_mob_farm_template_from_gold_glass_and_hopper": {
    "criteria": {
      "has_gold_ingot": "2024-07-14 03:29:32 +0000"
    },
    "done": true
  },
  "minecraft:recipes/building_blocks/gold_block": {
    "criteria": {
      "has_gold_ingot": "2024-07-14 03:29:32 +0000"
    },
    "done": true
  },
  "rats:recipes/misc/upgrades/basic_upgrade": {
    "criteria": {
      "has_cheese": "2024-07-14 03:32:12 +0000"
    },
    "done": true
  },
  "rats:recipes/misc/hammocks/rat_hammock_lime": {
    "criteria": {
      "has_string": "2024-07-14 03:20:12 +0000"
    },
    "done": true
  },
  "minecraft:recipes/building_blocks/oak_planks": {
    "criteria": {
      "has_logs": "2024-07-14 03:25:02 +0000"
    },
    "done": true
  },
  "rats:recipes/building_blocks/marbled_cheese_raw": {
    "criteria": {
      "has_cheese": "2024-07-14 03:32:12 +0000"
    },
    "done": true
  },
  "rats:recipes/misc/upgrades/flight_upgrade": {
    "criteria": {
      "has_cheese": "2024-07-14 03:32:12 +0000"
    },
    "done": true
  },
  "rats:recipes/food/chef/string_cheese": {
    "criteria": {
      "has_input": "2024-07-14 03:32:12 +0000"
    },
    "done": true
  },
  "tombstone:adventure/easy_opening": {
    "criteria": {
      "coded_trigger": "2024-07-14 03:06:07 +0000"
    },
    "done": true
  },
  "rats:recipes/misc/upgrades/dj_upgrade": {
    "criteria": {
      "has_planks": "2024-07-14 03:22:07 +0000"
    },
    "done": true
  },
  "minecraft:recipes/decorations/cobblestone_wall_from_cobblestone_stonecutting": {
    "criteria": {
      "has_cobblestone": "2024-07-14 03:22:23 +0000"
    },
    "done": true
  },
  "minecraft:recipes/decorations/white_bed": {
    "criteria": {
      "has_white_wool": "2024-07-14 03:24:15 +0000"
    },
    "done": true
  },
  "minecraft:recipes/building_blocks/cobblestone_stairs": {
    "criteria": {
      "has_cobblestone": "2024-07-14 03:22:23 +0000"
    },
    "done": true
  },
  "rats:recipes/misc/upgrades/aristocrat_upgrade": {
    "criteria": {
      "has_gold": "2024-07-14 03:29:32 +0000"
    },
    "done": true
  },
  "tombstone:adventure/strong_or_careful": {
    "criteria": {
      "coded_trigger": "2024-07-14 03:20:24 +0000"
    },
    "done": true
  },
  "handcrafted:recipes/misc/birch_corner_trim": {
    "criteria": {
      "has_birch_corner_trim": "2024-07-14 03:22:07 +0000"
    },
    "done": true
  },
  "immersiveengineering:recipes/misc/crafting/plate_gold_hammering": {
    "criteria": {
      "has_gold_ingot": "2024-07-14 03:29:32 +0000"
    },
    "done": true
  },
  "handcrafted:recipes/misc/birch_desk": {
    "criteria": {
      "has_birch_desk": "2024-07-14 03:22:07 +0000"
    },
    "done": true
  },
  "minecraft:recipes/tools/stone_shovel": {
    "criteria": {
      "has_cobblestone": "2024-07-14 03:22:23 +0000"
    },
    "done": true
  },
  "handcrafted:recipes/misc/blaze_trophy": {
    "criteria": {
      "has_blaze_trophy": "2024-07-14 03:22:07 +0000"
    },
    "done": true
  },
  "minecraft:recipes/building_blocks/oak_wood": {
    "criteria": {
      "has_log": "2024-07-14 03:25:02 +0000"
    },
    "done": true
  },
  "rats:recipes/misc/hammocks/rat_hammock_cyan": {
    "criteria": {
      "has_string": "2024-07-14 03:20:12 +0000"
    },
    "done": true
  },
  "vampirism:recipes/decorations/vampire/coffin_white": {
    "criteria": {
      "has_wool": "2024-07-14 03:24:15 +0000"
    },
    "done": true
  },
  "handcrafted:recipes/misc/wolf_trophy": {
    "criteria": {
      "has_wolf_trophy": "2024-07-14 03:22:07 +0000"
    },
    "done": true
  },
  "minecraft:recipes/redstone/lever": {
    "criteria": {
      "has_cobblestone": "2024-07-14 03:22:23 +0000"
    },
    "done": true
  },
  "immersiveengineering:recipes/misc/crafting/blueprint_molds": {
    "criteria": {
      "has_paper": "2024-07-14 03:26:42 +0000"
    },
    "done": true
  },
  "iceandfire:recipes/misc/dragon_meal": {
    "criteria": {
      "has_item": "2024-07-14 03:24:12 +0000"
    },
    "done": true
  },
  "rats:recipes/misc/golden_rat_skull": {
    "criteria": {
      "has_gold": "2024-07-14 03:29:32 +0000"
    },
    "done": true
  },
  "rats:recipes/misc/hammocks/rat_hammock_black": {
    "criteria": {
      "has_string": "2024-07-14 03:20:12 +0000"
    },
    "done": true
  },
  "handcrafted:recipes/misc/birch_couch": {
    "criteria": {
      "has_birch_couch": "2024-07-14 03:22:07 +0000"
    },
    "done": true
  },
  "minecraft:recipes/misc/book": {
    "criteria": {
      "has_paper": "2024-07-14 03:26:42 +0000"
    },
    "done": true
  },
  "minecraft:recipes/combat/stone_sword": {
    "criteria": {
      "has_cobblestone": "2024-07-14 03:22:23 +0000"
    },
    "done": true
  },
  "minecraft:recipes/decorations/cobblestone_wall": {
    "criteria": {
      "has_cobblestone": "2024-07-14 03:22:23 +0000"
    },
    "done": true
  },
  "iceandfire:recipes/misc/silver_ingot_to_silver_nugget": {
    "criteria": {
      "has_silver_ingot": "2024-07-14 03:29:39 +0000"
    },
    "done": true
  },
  "minecraft:recipes/food/cooked_chicken": {
    "criteria": {
      "has_chicken": "2024-07-14 03:24:12 +0000"
    },
    "done": true
  },
  "minecraft:recipes/tools/stone_axe": {
    "criteria": {
      "has_cobblestone": "2024-07-14 03:22:23 +0000"
    },
    "done": true
  },
  "vampirism:recipes/decorations/vampire/altar_infusion": {
    "criteria": {
      "has_gold": "2024-07-14 03:29:32 +0000"
    },
    "done": true
  },
  "minecraft:recipes/combat/bow": {
    "criteria": {
      "has_string": "2024-07-14 03:20:12 +0000"
    },
    "done": true
  },
  "minecraft:recipes/misc/gold_ingot_from_nuggets": {
    "criteria": {
      "has_gold_nugget": "2024-07-14 03:27:03 +0000"
    },
    "done": true
  },
  "securitycraft:recipes/redstone/laser_block": {
    "criteria": {
      "has_stone": "2024-07-14 03:22:23 +0000"
    },
    "done": true
  },
  "minecraft:recipes/decorations/painting": {
    "criteria": {
      "has_wool": "2024-07-14 03:24:15 +0000"
    },
    "done": true
  },
  "minecraft:recipes/combat/arrow": {
    "criteria": {
      "has_feather": "2024-07-14 03:24:08 +0000"
    },
    "done": true
  },
  "minecraft:recipes/combat/golden_helmet": {
    "criteria": {
      "has_gold_ingot": "2024-07-14 03:29:32 +0000"
    },
    "done": true
  },
  "rats:recipes/combat/farmer_hat": {
    "criteria": {
      "has_hay": "2024-07-14 03:28:30 +0000"
    },
    "done": true
  },
  "tombstone:adventure/choose_knowledge": {
    "criteria": {
      "coded_trigger": "2024-07-14 03:06:16 +0000"
    },
    "done": true
  },
  "minecraft:recipes/tools/fishing_rod": {
    "criteria": {
      "has_string": "2024-07-14 03:20:12 +0000"
    },
    "done": true
  },
  "iceandfire:recipes/building_blocks/silver_ingot_to_silver_block": {
    "criteria": {
      "has_silver_ingot": "2024-07-14 03:29:39 +0000"
    },
    "done": true
  },
  "biomesoplenty:biomesoplenty/all_biomes": {
    "criteria": {
      "clover_patch": "2024-07-14 03:26:17 +0000",
      "orchard": "2024-07-14 03:26:00 +0000",
      "redwood_forest": "2024-07-14 03:26:16 +0000"
    },
    "done": false
  },
  "rats:recipes/building_blocks/marbled_cheese_raw_alt": {
    "criteria": {
      "has_cheese": "2024-07-14 03:32:12 +0000"
    },
    "done": true
  },
  "handcrafted:recipes/misc/birch_fancy_bed": {
    "criteria": {
      "has_birch_fancy_bed": "2024-07-14 03:22:07 +0000"
    },
    "done": true
  },
  "rats:recipes/misc/rat_breeding_lantern": {
    "criteria": {
      "has_string": "2024-07-14 03:20:12 +0000"
    },
    "done": true
  },
  "handcrafted:recipes/misc/birch_pillar_trim": {
    "criteria": {
      "has_birch_pillar_trim": "2024-07-14 03:22:07 +0000"
    },
    "done": true
  },
  "iceandfire:recipes/misc/earplugs": {
    "criteria": {
      "has_item": "2024-07-14 03:22:07 +0000"
    },
    "done": true
  },
  "vampirism:recipes/decorations/vampire/altar_inspiration": {
    "criteria": {
      "has_planks": "2024-07-14 03:22:07 +0000"
    },
    "done": true
  },
  "rats:recipes/misc/hammocks/rat_hammock_green": {
    "criteria": {
      "has_string": "2024-07-14 03:20:12 +0000"
    },
    "done": true
  },
  "iceandfire:recipes/food/ambrosia": {
    "criteria": {
      "has_item": "2024-07-14 03:33:16 +0000"
    },
    "done": true
  },
  "immersiveengineering:recipes/misc/crafting/blueprint_components": {
    "criteria": {
      "has_paper": "2024-07-14 03:26:42 +0000"
    },
    "done": true
  },
  "handcrafted:recipes/misc/white_cushion": {
    "criteria": {
      "has_white_cushion": "2024-07-14 03:24:15 +0000"
    },
    "done": true
  },
  "rats:recipes/misc/hammocks/rat_hammock_white": {
    "criteria": {
      "has_string": "2024-07-14 03:20:12 +0000"
    },
    "done": true
  },
  "handcrafted:recipes/misc/fox_trophy": {
    "criteria": {
      "has_fox_trophy": "2024-07-14 03:22:07 +0000"
    },
    "done": true
  },
  "iceandfire:recipes/misc/bestiary": {
    "criteria": {
      "has_item": "2024-07-14 03:26:40 +0000"
    },
    "done": true
  },
  "minecraft:husbandry/root": {
    "criteria": {
      "consumed_item": "2024-07-14 03:29:08 +0000"
    },
    "done": true
  },
  "minecraft:recipes/decorations/white_carpet": {
    "criteria": {
      "has_white_wool": "2024-07-14 03:24:15 +0000"
    },
    "done": true
  },
  "iceandfire:recipes/decorations/copper_pile": {
    "criteria": {
      "has_item": "2024-07-14 03:27:09 +0000"
    },
    "done": true
  },
  "minecraft:recipes/misc/paper": {
    "criteria": {
      "has_reeds": "2024-07-14 03:25:20 +0000"
    },
    "done": true
  },
  "rats:recipes/misc/cheese_banner_pattern": {
    "criteria": {
      "has_paper": "2024-07-14 03:26:42 +0000"
    },
    "done": true
  },
  "handcrafted:recipes/misc/tropical_fish_trophy": {
    "criteria": {
      "has_tropical_fish_trophy": "2024-07-14 03:22:07 +0000"
    },
    "done": true
  },
  "easy_mob_farm:recipes/mob_catcher/golden_lasso_from_gold_lead": {
    "criteria": {
      "has_lead": "2024-07-14 03:32:15 +0000"
    },
    "done": true
  },
  "handcrafted:recipes/misc/birch_dining_bench": {
    "criteria": {
      "has_birch_dining_bench": "2024-07-14 03:22:07 +0000"
    },
    "done": true
  },
  "handcrafted:recipes/misc/spider_trophy": {
    "criteria": {
      "has_spider_trophy": "2024-07-14 03:22:07 +0000"
    },
    "done": true
  },
  "rats:recipes/tools/rat_sack": {
    "criteria": {
      "has_cheese": "2024-07-14 03:32:12 +0000"
    },
    "done": true
  },
  "minecraft:recipes/decorations/torch": {
    "criteria": {
      "has_stone_pickaxe": "2024-07-14 03:23:19 +0000"
    },
    "done": true
  },
  "rats:recipes/misc/rat_banner_pattern": {
    "criteria": {
      "has_paper": "2024-07-14 03:26:42 +0000"
    },
    "done": true
  },
  "iceandfire:recipes/misc/copper_nuggets_to_ingot": {
    "criteria": {
      "has_item": "2024-07-14 03:27:09 +0000"
    },
    "done": true
  },
  "handcrafted:recipes/misc/birch_chair": {
    "criteria": {
      "has_birch_chair": "2024-07-14 03:22:07 +0000"
    },
    "done": true
  },
  "iceandfire:recipes/building_blocks/silver_nugget_to_silver_ingot": {
    "criteria": {
      "has_silver_nugget": "2024-07-14 03:27:06 +0000"
    },
    "done": true
  },
  "handcrafted:recipes/misc/pufferfish_trophy": {
    "criteria": {
      "has_pufferfish_trophy": "2024-07-14 03:22:07 +0000"
    },
    "done": true
  },
  "chiselsandbits:recipes/tools/quill": {
    "criteria": {
      "has_tag_a": "2024-07-14 03:24:08 +0000"
    },
    "done": true
  },
  "chiselsandbits:recipes/tools/wrench": {
    "criteria": {
      "has_p": "2024-07-14 03:22:07 +0000"
    },
    "done": true
  },
  "minecraft:recipes/food/cooked_mutton": {
    "criteria": {
      "has_mutton": "2024-07-14 03:24:15 +0000"
    },
    "done": true
  },
  "minecraft:recipes/misc/sugar_from_sugar_cane": {
    "criteria": {
      "has_sugar_cane": "2024-07-14 03:25:20 +0000"
    },
    "done": true
  },
  "vampirism:recipes/decorations/hunter/cross": {
    "criteria": {
      "has_planks": "2024-07-14 03:22:07 +0000"
    },
    "done": true
  },
  "rats:recipes/misc/plague_doctorate": {
    "criteria": {
      "has_paper": "2024-07-14 03:26:42 +0000"
    },
    "done": true
  },
  "minecraft:recipes/decorations/white_banner": {
    "criteria": {
      "has_white_wool": "2024-07-14 03:24:15 +0000"
    },
    "done": true
  },
  "rats:recipes/misc/upgrades/chicken_mount_upgrade": {
    "criteria": {
      "has_chicken": "2024-07-14 03:24:12 +0000"
    },
    "done": true
  },
  "rats:recipes/misc/upgrades/breeder_upgrade": {
    "criteria": {
      "has_egg": "2024-07-14 03:28:30 +0000"
    },
    "done": true
  },
  "minecraft:story/upgrade_tools": {
    "criteria": {
      "stone_pickaxe": "2024-07-14 03:23:19 +0000"
    },
    "done": true
  },
  "immersiveengineering:recipes/misc/crafting/plate_silver_hammering": {
    "criteria": {
      "has_silver_ingot": "2024-07-14 03:29:39 +0000"
    },
    "done": true
  },
  "rats:recipes/misc/hammocks/rat_hammock_yellow": {
    "criteria": {
      "has_string": "2024-07-14 03:20:12 +0000"
    },
    "done": true
  },
  "minecraft:recipes/redstone/birch_trapdoor": {
    "criteria": {
      "has_planks": "2024-07-14 03:22:07 +0000"
    },
    "done": true
  },
  "minecraft:recipes/food/cooked_mutton_from_campfire_cooking": {
    "criteria": {
      "has_mutton": "2024-07-14 03:24:15 +0000"
    },
    "done": true
  },
  "handcrafted:recipes/misc/birch_bench": {
    "criteria": {
      "has_birch_bench": "2024-07-14 03:22:07 +0000"
    },
    "done": true
  },
  "securitycraft:recipes/building_blocks/reinforced_andesite": {
    "criteria": {
      "has_cobblestone": "2024-07-14 03:22:23 +0000"
    },
    "done": true
  },
  "rats:recipes/misc/upgrades/shears_upgrade": {
    "criteria": {
      "has_wool": "2024-07-14 03:24:15 +0000"
    },
    "done": true
  },
  "rats:recipes/misc/feathery_wing": {
    "criteria": {
      "has_feather": "2024-07-14 03:24:08 +0000"
    },
    "done": true
  },
  "vampirism:recipes/combat/alchemy_table": {
    "criteria": {
      "has_planks": "2024-07-14 03:22:07 +0000"
    },
    "done": true
  },
  "rats:recipes/food/cooked_rat_smoking": {
    "criteria": {
      "has_rat": "2024-07-14 03:30:53 +0000"
    },
    "done": true
  },
  "handcrafted:recipes/misc/birch_drawer": {
    "criteria": {
      "has_birch_drawer": "2024-07-14 03:22:07 +0000"
    },
    "done": true
  },
  "chiselsandbits:recipes/tools/bit_bag": {
    "criteria": {
      "has_w": "2024-07-14 03:24:15 +0000"
    },
    "done": true
  },
  "minecraft:recipes/building_blocks/white_wool_from_string": {
    "criteria": {
      "has_string": "2024-07-14 03:20:12 +0000"
    },
    "done": true
  },
  "securitycraft:recipes/building_blocks/reinforced_diorite": {
    "criteria": {
      "has_cobblestone": "2024-07-14 03:22:23 +0000"
    },
    "done": true
  },
  "rats:recipes/misc/hammocks/rat_hammock_light_blue": {
    "criteria": {
      "has_string": "2024-07-14 03:20:12 +0000"
    },
    "done": true
  },
  "rats:recipes/misc/hammocks/rat_hammock_pink": {
    "criteria": {
      "has_string": "2024-07-14 03:20:12 +0000"
    },
    "done": true
  },
  "minecraft:recipes/decorations/cartography_table": {
    "criteria": {
      "has_paper": "2024-07-14 03:26:42 +0000"
    },
    "done": true
  },
  "rats:recipes/misc/upgrades/advanced_energy_upgrade": {
    "criteria": {
      "has_gold": "2024-07-14 03:29:32 +0000"
    },
    "done": true
  },
  "minecraft:recipes/building_blocks/cobblestone_stairs_from_cobblestone_stonecutting": {
    "criteria": {
      "has_cobblestone": "2024-07-14 03:22:23 +0000"
    },
    "done": true
  },
  "minecraft:recipes/misc/wheat": {
    "criteria": {
      "has_hay_block": "2024-07-14 03:28:30 +0000"
    },
    "done": true
  },
  "minecraft:recipes/redstone/birch_pressure_plate": {
    "criteria": {
      "has_planks": "2024-07-14 03:22:07 +0000"
    },
    "done": true
  },
  "minecraft:recipes/tools/golden_hoe": {
    "criteria": {
      "has_gold_ingot": "2024-07-14 03:29:32 +0000"
    },
    "done": true
  },
  "mcwdoors:recipes/oak": {
    "criteria": {
      "has_wood": "2024-07-14 03:25:02 +0000"
    },
    "done": true
  },
  "minecraft:husbandry/balanced_diet": {
    "criteria": {
      "cookie": "2024-07-14 03:29:08 +0000"
    },
    "done": false
  },
  "rats:recipes/misc/hammocks/rat_hammock_red": {
    "criteria": {
      "has_string": "2024-07-14 03:20:12 +0000"
    },
    "done": true
  },
  "vampirism:recipes/decorations/general/vampire_rack": {
    "criteria": {
      "has_planks": "2024-07-14 03:22:07 +0000"
    },
    "done": true
  },
  "minecraft:recipes/tools/stone_hoe": {
    "criteria": {
      "has_cobblestone": "2024-07-14 03:22:23 +0000"
    },
    "done": true
  },
  "handcrafted:recipes/misc/skeleton_horse_trophy": {
    "criteria": {
      "has_skeleton_horse_trophy": "2024-07-14 03:22:07 +0000"
    },
    "done": true
  },
  "minecraft:recipes/decorations/loom": {
    "criteria": {
      "has_string": "2024-07-14 03:20:12 +0000"
    },
    "done": true
  },
  "rats:recipes/tools/rat_flute": {
    "criteria": {
      "has_cane": "2024-07-14 03:25:20 +0000"
    },
    "done": true
  },
  "justhammers:recipes/tools/gold_hammer": {
    "criteria": {
      "has_material": "2024-07-14 03:29:32 +0000"
    },
    "done": true
  },
  "vampirism:recipes/decorations/general/altar_cleansing": {
    "criteria": {
      "has_vampire_book": "2024-07-14 03:22:07 +0000"
    },
    "done": true
  },
  "handcrafted:recipes/misc/wither_skeleton_trophy": {
    "criteria": {
      "has_wither_skeleton_trophy": "2024-07-14 03:22:07 +0000"
    },
    "done": true
  },
  "minecraft:recipes/combat/golden_leggings": {
    "criteria": {
      "has_gold_ingot": "2024-07-14 03:29:32 +0000"
    },
    "done": true
  },
  "DataVersion": 3465
}